decode_kv_len,decode_qo_len,prefill_kv_len,prefill_qo_len,sm_time,sm_time_pred,abs_err_ms
0,0,2048,2048,0.21599200000000002,0.12464200877264142,0.0913499912273586
0,0,7088,8192,0.22208,0.1418946671149367,0.0801853328850633
0,0,8192,8192,0.2464,0.15555119976339254,0.09084880023660746
0,0,9552,32768,0.11246400000000001,0.017708759504193983,0.09475524049580603
0,0,12004,8192,0.31252800000000003,0.20205908162092487,0.11046891837907516
0,0,20256,131072,0.073024,0.08341902465211581,0.010395024652115809
0,0,32768,32768,0.23816533333333334,0.2569345421951871,0.018769208861853737
0,0,39408,131072,0.10689599999999999,0.18254521651648448,0.07564921651648449
0,0,131072,131072,0.3342613333333333,0.3064131674230073,0.027848165910326017
4096,1,6144,6144,0.27898666666666666,0.2074348976834668,0.07155176898319987
4096,1,8192,8192,0.241664,0.21738527995470988,0.02427872004529011
4096,1,131072,131072,0.386816,0.3619219784280311,0.024894021571968905
4096,2,2048,2048,0.256544,0.18084627321828634,0.07569772678171366
4096,2,32768,32768,0.33488,0.31179969995994383,0.02308030004005618
4096,4,0,0,0.033184000000000005,0.15877617685962836,0.12559217685962837
4096,4,256,256,0.12055999999999994,0.1601322745429724,0.03957227454297246
4096,4,512,512,0.160864,0.1614845087850785,0.000620508785078494
4096,4,2048,2048,0.20932800000000001,0.1695167819717155,0.03981121802828452
4096,4,8192,8192,0.20583999999999997,0.20025503587256302,0.005584964127436948
4864,19,122880,122880,0.3208,0.3251032871554347,0.00430328715543471
5120,5,0,0,0.05056,0.1681777911520147,0.1176177911520147
5120,5,256,256,0.1220159999999999,0.16953210824067233,0.04751610824067243
5120,5,1024,1024,0.147232,0.17357187885921677,0.026339878859216764
5120,5,2048,2048,0.20052799999999998,0.17890415150660993,0.021623848493390052
5120,5,8192,8192,0.175648,0.20959967113498165,0.033951671134981654
5120,20,122880,122880,0.300576,0.32522747667076524,0.024651476670765227
5376,21,122880,122880,0.3408,0.32535853546684634,0.015441464533153648
5632,22,122880,122880,0.3392,0.3254964635436779,0.013703536456322107
6144,3,1024,1024,0.162368,0.20037919627228581,0.0380111962722858
6144,3,2048,2048,0.18668799999999997,0.20568012547936446,0.01899212547936449
6144,3,32768,32768,0.292224,0.3359639988805779,0.04373999888057789
6144,6,0,0,0.060520000000000004,0.1768468759384516,0.1163268759384516
6144,6,512,512,0.114672,0.17954808548515577,0.06487608548515578
6144,6,1024,1024,0.09083733333333333,0.18223384126690767,0.09139650793357434
6144,6,2048,2048,0.133024,0.18755899153555483,0.05453499153555483
6144,6,6144,6144,0.21176,0.20824144201205436,0.0035185579879456474
6144,6,8192,8192,0.195808,0.2182117768914506,0.022403776891450594
6144,12,0,0,0.024512,0.14557172827518913,0.12105972827518913
6144,12,256,256,0.067328,0.14693637529994447,0.07960837529994447
6144,12,512,512,0.1003199999999999,0.14829715888346184,0.04797715888346195
6400,25,1024,1024,0.111072,0.10845959263416746,0.002612407365832542
6656,13,0,0,0.023456,0.14687207428694504,0.12341607428694504
6656,13,256,256,0.077024,0.14823684022525585,0.07121284022525586
6656,26,512,512,0.052512,0.10535361838286764,0.05284161838286763
6656,26,1024,1024,0.103712,0.10811631202003077,0.004404312020030776
6912,27,512,512,0.083744,0.10501506971412869,0.02127106971412869
6912,27,1024,1024,0.08976,0.10777990068664461,0.018019900686644608
7168,7,0,0,0.033456,0.18478343121893873,0.1513274312189387
7168,7,512,512,0.0990399999999999,0.18748107957626997,0.08844107957627007
7168,7,6144,6144,0.222688,0.21613526302006575,0.006552736979934248
7168,7,122880,122880,0.36272,0.3890050581484895,0.026285058148489526
7168,14,0,0,0.024656,0.14796571322814298,0.12330971322814298
7168,28,0,0,0.010624,0.10190096825331924,0.09127696825331924
7168,28,512,512,0.065056,0.10468339032614027,0.039627390326140266
7424,29,0,0,0.01616,0.1015740208107287,0.08541402081072869
7424,29,512,512,0.055808,0.10435858021890246,0.048550580218902455
7680,30,0,0,0.0152,0.10125394264888857,0.08605394264888856
8192,1,256,256,0.298384,0.24031674241283804,0.05806725758716194
8192,1,512,512,0.315296,0.24164772532361656,0.07364827467638346
8192,1,1024,1024,0.22601599999999994,0.24429810082145922,0.018282100821459285
8192,1,2048,2048,0.28636799999999996,0.24955249052228778,0.03681550947771217
8192,1,5316,6144,0.4256479999999999,0.2596523238157918,0.16599567618420813
8192,1,6144,6144,0.34922666666666663,0.2699518987275133,0.07927476793915333
8192,1,7088,8192,0.272256,0.2662976813751925,0.0059583186248075015
8192,1,8192,8192,0.41323200000000004,0.27978071247127256,0.13345128752872748
8192,1,18990,122880,0.271888,0.169707560334241,0.10218043966575902
8192,1,20256,131072,0.23604799999999995,0.21144468915879555,0.0246033108412044
8192,1,28672,28672,0.3478399999999999,0.3644695367509033,0.016629536750903395
8192,1,32768,32768,0.379424,0.37844017873600144,0.000983821263998541
8192,1,122880,122880,0.453616,0.435566940301668,0.018049059698332037
8192,1,131072,131072,0.431488,0.4170232992955595,0.014464700704440503
8192,2,0,0,0.324576,0.23170573760208324,0.09287026239791674
8192,2,256,256,0.322768,0.233042602375897,0.089725397624103
8192,2,512,512,0.382528,0.23437560370847285,0.14815239629152713
8192,2,1024,1024,0.214064,0.23703001604991028,0.022966016049910276
8192,2,2048,2048,0.261328,0.24229247943792837,0.01903552056207164
8192,2,4096,4096,0.360736,0.252631961034538,0.108104038965462
8192,2,5034,2048,0.5390079999999999,0.28047148669511635,0.2585365133048836
8192,2,6144,6144,0.323712,0.2627241823919119,0.06098781760808808
8192,2,8192,8192,0.304944,0.2725691435100501,0.032374856489949866
8192,2,32768,32768,0.36249599999999993,0.37142237826732727,0.00892637826732734
8192,2,122880,122880,0.44592,0.42925962430567055,0.016660375694329432
8192,2,131072,131072,0.496608,0.4107805727970779,0.08582742720292208
8192,4,1024,1024,0.111888,0.22305651367021578,0.11116851367021578
8192,4,2048,2048,0.18075199999999997,0.2283351244326129,0.04758312443261292
8192,4,6728,1024,0.518432,0.29620569890752524,0.22222630109247477
8192,4,28672,28672,0.420352,0.34388191826201,0.07647008173799003
8192,4,32768,32768,0.222624,0.3579494444933823,0.1353254444933823
8192,4,131072,131072,0.413888,0.3988577869635185,0.015030213036481499
8192,8,0,0,0.034736,0.19198745699347636,0.15725145699347637
8192,8,4096,4096,0.21856,0.2131074489184794,0.005452551081520596
8192,8,6544,512,0.571616,0.27249464204509,0.29912135795491
8192,8,32768,32768,0.267392,0.333254245599106,0.06586224559910597
8192,8,122880,122880,0.5349119999999999,0.3953543984735095,0.13955760152649044
9216,9,32768,32768,0.354944,0.3394978257478226,0.01544617425217737
9216,9,122880,122880,0.327328,0.4009712092925797,0.07364320929257967
9472,37,114688,114688,0.315872,0.34080391431333623,0.024931914313336245
9728,19,32768,32768,0.269824,0.2937126172071942,0.023888617207194207
9984,39,114688,114688,0.315872,0.34123806200047835,0.025366062000478362
10240,5,3364,512,0.178192,0.277830087108026,0.09963808710802599
10240,5,28672,28672,0.20912,0.36377778434571073,0.15465778434571073
10240,5,32768,32768,0.237504,0.3777560367983571,0.14025203679835713
10240,5,131072,131072,0.422176,0.4165218085790723,0.005654191420927712
10240,10,32768,32768,0.2616,0.3450088763905896,0.08340887639058958
10240,10,122880,122880,0.358144,0.40585549060570036,0.047711490605700346
10240,20,2048,2048,0.1962559999999999,0.16100330870453616,0.03525269129546374
10240,20,32768,32768,0.397408,0.29358123466014,0.10382676533985996
10240,40,114688,114688,0.3111359999999999,0.34146543976517496,0.030329439765175048
10496,41,114688,114688,0.308704,0.34169968681062235,0.03299568681062237
10752,21,2048,2048,0.2072959999999999,0.16065094946027092,0.04664505053972898
10752,21,32768,32768,0.41072,0.2932431450425278,0.11747685495747218
10752,42,114688,114688,0.312544,0.3419408031368203,0.029396803136820304
11008,43,8192,8192,0.168992,0.14089529294881392,0.02809670705118608
11008,43,114688,114688,0.309248,0.3421887887437689,0.03294078874376888
11264,11,3272,256,0.301056,0.24973549615029672,0.05132050384970327
11264,11,28672,28672,0.18544,0.3356761608459543,0.15023616084595431
11264,11,122880,122880,0.364992,0.41000724241287156,0.04501524241287158
11264,22,2048,2048,0.12864,0.1600918831454477,0.031451883145447695
11264,22,32768,32768,0.282752,0.29269834835435743,0.009946348354357426
11264,44,8192,8192,0.176096,0.1407055820831269,0.03539041791687311
11520,45,8192,8192,0.183808,0.14052274049819036,0.04328525950180964
11776,23,1024,1024,0.14284799999999997,0.15394728517184275,0.011099285171842777
11776,23,2048,2048,0.14384,0.1593261097600664,0.015486109760066397
11776,23,32768,32768,0.23584,0.29194684459562903,0.056106844595629035
11776,46,8192,8192,0.20528,0.14034676819400443,0.06493323180599556
12288,3,0,0,0.162624,0.28066106913386585,0.11803706913386586
12288,3,256,256,0.2208,0.2819847562635416,0.061184756263541584
12288,3,2048,2048,0.24550399999999994,0.2911423898166062,0.04563838981660623
12288,3,2517,1024,0.28227199999999997,0.30516299799173774,0.02289099799173777
12288,3,5034,2048,0.46176,0.3290973036334334,0.13266269636656658
12288,3,28672,28672,0.401776,0.4048988769217853,0.003122876921785256
12288,3,32768,32768,0.381376,0.4186909713494317,0.03731497134943168
12288,3,122880,122880,0.46208,0.4718896866511597,0.009809686651159721
12288,3,131072,131072,0.474176,0.4529889505301474,0.02118704946985256
12288,6,0,0,0.103136,0.25657879960974384,0.15344279960974383
12288,6,1024,1024,0.36449600000000004,0.261874588542587,0.10262141145741305
12288,6,3364,512,0.20432,0.29606390777947866,0.09174390777947866
12288,6,7248,8192,0.272896,0.2857347159375803,0.012838715937580292
12288,6,8192,8192,0.25299199999999994,0.2972142893978394,0.044222289397839454
12288,6,24576,24576,0.25691200000000003,0.36661677749071875,0.10970477749071872
12288,6,28672,28672,0.247968,0.3814947971215819,0.1335267971215819
12288,6,32768,32768,0.250976,0.39538377579550243,0.14440777579550246
12288,12,3272,256,0.32792,0.25396700935746896,0.07395299064253102
12288,12,6488,2048,0.42819199999999996,0.2806009196974136,0.14759108030258639
12288,12,15036,8192,0.37624,0.33617865305262074,0.040061346947379284
12288,12,28672,28672,0.374944,0.33975064199180594,0.035193358008194064
12288,12,114688,114688,0.334624,0.42778973152969,0.09316573152969004
12288,12,122880,122880,0.527968,0.41342646471409294,0.11454153528590705
12288,24,1024,1024,0.062912,0.15297432906168157,0.09006232906168157
12288,24,2048,2048,0.09504,0.15835362930412689,0.06331362930412689
12288,24,8192,8192,0.18992,0.18933131450281193,0.000588685497188074
12288,24,17920,131072,0.137664,0.11344301216320929,0.02422098783679072
12288,48,22008,32768,0.208672,0.1390774132743452,0.0695945867256548
12544,49,22008,32768,0.213024,0.1390038815861478,0.0740201184138522
12800,25,1024,1024,0.046864,0.15179466588096224,0.10493066588096224
12800,25,8192,8192,0.205952,0.18815498090164506,0.017797019098354933
12800,25,17920,131072,0.13872,0.11268612835378045,0.026033871646219564
12800,50,716,512,0.150144,0.10183866882367112,0.048305331176328875
12800,50,1772,8192,0.09056,0.05849872244048793,0.032061277559512075
12800,50,6144,6144,0.201984,0.1292283012898547,0.07275569871014528
12800,50,22008,32768,0.211392,0.13893721917870094,0.07245478082129905
13056,51,1772,8192,0.08755199999999995,0.058344710401120436,0.029207289598879513
13056,51,6144,6144,0.207776,0.12907812604801033,0.07869787395198966
13312,13,6488,2048,0.41408,0.2840682634191181,0.1300117365808819
13312,13,15036,8192,0.381216,0.3395708898449832,0.04164511015501682
13312,13,28672,28672,0.220448,0.343092593631708,0.12264459363170802
13312,13,114688,114688,0.3412159999999999,0.43053340335492973,0.08931740335492983
13312,26,8192,8192,0.248224,0.18677194022992,0.06145205977008
13312,26,28672,28672,0.337152,0.27397800151075596,0.06317399848924404
13312,52,358,256,0.02404799999999995,0.09872984865733392,0.07468184865733396
13312,52,1772,8192,0.092608,0.0581975676425035,0.034410432357496495
13312,52,2048,2048,0.1510399999999999,0.10719230101374114,0.04384769898625876
13312,52,6144,6144,0.16912,0.1289348200869165,0.040185179913083485
13568,53,358,256,0.097696,0.0985690294095565,0.0008730294095564972
13568,53,1329,6144,0.100144,0.06699252241827083,0.033151477581729163
13568,53,2048,2048,0.151968,0.10703876565057532,0.04492923434942467
13568,53,6144,6144,0.190848,0.12879838340657324,0.062049616593426754
13824,27,8192,8192,0.108288,0.1851821924876369,0.0768941924876369
13824,27,16800,122880,0.10724799999999995,0.06813824933878804,0.03910975066121192
13824,27,19544,32768,0.23318399999999995,0.15631265194315097,0.07687134805684898
13824,27,28672,28672,0.210624,0.2723977668529081,0.06177376685290811
13824,54,0,0,0.010912000000000002,0.09563285098989643,0.08472085098989643
13824,54,1329,6144,0.10836799999999999,0.06685366541447738,0.041514334585522616
13824,54,2048,2048,0.13008,0.10689209956816009,0.02318790043183991
14080,55,0,0,0.010416,0.0954845048468205,0.0850685048468205
14080,55,2048,2048,0.126304,0.10675230276649544,0.019551697233504556
14336,7,0,0,0.053024,0.2727418755288665,0.21971787552886646
14336,7,512,512,0.22916799999999998,0.2753863376554235,0.04621833765542349
14336,7,1024,1024,0.25872,0.27801534601702815,0.019295346017028148
14336,7,5436,6144,0.278336,0.29470872603168574,0.01637272603168577
14336,7,6144,6144,0.26983999999999997,0.3034554725607029,0.03361547256070291
14336,7,7248,8192,0.254608,0.3017513341206054,0.047143334120605396
14336,7,8192,8192,0.2578079999999999,0.31319881775951036,0.055390817759510436
14336,7,122880,122880,0.39872,0.46419880707260697,0.06547880707260695
14336,14,0,0,0.058784,0.2198284920157599,0.1610444920157599
14336,14,6488,2048,0.40225599999999995,0.28680307763487295,0.115452922365127
14336,14,7400,32768,0.13300799999999996,0.10122552126103071,0.03178247873896925
14336,14,15036,8192,0.361152,0.342230597131396,0.018921402868603998
14336,14,24576,24576,0.240224,0.3306872066722169,0.09046320667221691
14336,14,28672,28672,0.2250879999999999,0.34570201576566045,0.12061401576566055
14336,14,114688,114688,0.349024,0.43254454567421974,0.08352054567421974
14336,28,2518,512,0.30928,0.17049409782532493,0.13878590217467507
14336,28,6144,6144,0.213824,0.1733032976140289,0.04052070238597108
14336,28,8192,8192,0.111584,0.18338573767479577,0.07180173767479577
14336,28,16800,122880,0.11086399999999999,0.06673479087859041,0.04412920912140958
14336,28,19544,32768,0.24836799999999998,0.15456996292596992,0.09379803707403006
14336,56,0,0,0.011872,0.0953430279844951,0.0834710279844951
14336,56,512,512,0.070752,0.09818529544719501,0.027433295447195014
14336,56,886,4096,0.125376,0.07584707228850124,0.04952892771149875
14336,56,1024,1024,0.097888,0.10101210914494269,0.0031241091449426828
14336,56,2048,2048,0.125728,0.1066193752455813,0.019108624754418713
14592,57,256,256,0.062496,0.0966325545225657,0.03413655452256569
14592,57,512,512,0.089568,0.09805282520097303,0.008484825200973031
14592,57,2048,2048,0.089664,0.10649331700541778,0.016829317005417788
14592,57,6144,6144,0.175072,0.12832132949270586,0.046750670507294145
14848,29,6144,6144,0.120768,0.1712991844221861,0.05053118442218611
14848,29,13688,8192,0.34922666666666663,0.2476060683600911,0.10162059830657552
14848,29,28672,28672,0.205216,0.26861717632553817,0.06340117632553816
14848,58,0,0,0.012544,0.09508068210209603,0.08253668210209603
14848,58,256,256,0.063904,0.0965058848894178,0.0326018848894178
14848,58,512,512,0.073248,0.09792722423550154,0.02467922423550155
14848,58,1024,1024,0.064864,0.10075831260395493,0.035894312603954925
14848,58,2048,2048,0.071744,0.1063741280460048,0.03463012804600479
14848,58,4096,4096,0.1792,0.11742031375067799,0.06177968624932201
15104,59,0,0,0.008512,0.09495981308202239,0.08644781308202239
15104,59,256,256,0.055136,0.0963860845370206,0.04125008453702061
15104,59,1024,1024,0.02928,0.1006417182545869,0.0713617182545869
15104,59,19257,28672,0.25729599999999997,0.1326453373148727,0.12465066268512726
15360,15,0,0,0.034544000000000005,0.22190481124865014,0.18736081124865012
15360,15,7400,32768,0.129792,0.10341553400773548,0.02637646599226451
15360,15,24576,24576,0.253312,0.33259258881520365,0.07928058881520367
15360,15,28672,28672,0.247584,0.34757890839366323,0.09999490839366323
15360,30,1024,1024,0.1849599999999999,0.14279574391899452,0.04216425608100538
15360,30,1259,256,0.191072,0.15187263512506077,0.03919936487493922
15360,30,6144,6144,0.1836799999999999,0.16908836415978518,0.014591635840214723
15360,30,13688,8192,0.367072,0.2453785983687411,0.12169340163125891
15360,30,15680,114688,0.133376,0.02674310457370238,0.10663289542629761
15360,60,0,0,0.00928,0.09484581334269926,0.08556581334269926
15360,60,19257,28672,0.249216,0.13263286394750878,0.11658313605249121
15872,31,512,512,0.093344,0.1376613427564995,0.0443173427564995
15872,31,1024,1024,0.123168,0.14037583831492673,0.017207838314926727
15872,31,1259,256,0.085952,0.14944916065505276,0.06349716065505276
15872,31,122880,122880,0.3176,0.34690525221425583,0.02930525221425584
15872,62,28672,28672,0.201472,0.23072474626961353,0.029252746269613522
15872,62,30384,131072,0.10065599999999994,0.14166712553578575,0.041011125535785814
16128,63,28672,28672,0.249472,0.23075104515229994,0.01872095484770006
16128,63,30384,131072,0.10064,0.14192663361410995,0.04128663361410996
16384,1,512,512,0.209568,0.3547206285177703,0.1451526285177703
16384,1,1024,1024,0.2014,0.35731021975187105,0.15591021975187105
16384,1,2048,2048,0.23668799999999995,0.36244304092521573,0.12575504092521578
16384,1,6144,6144,0.306672,0.38235617502050556,0.07568417502050556
16384,1,8192,8192,0.370608,0.39194185170929696,0.02133385170929697
16384,1,8358,28672,0.27190400000000003,0.2638622331711711,0.008041766828828956
16384,1,9003,6144,0.484896,0.4170862708854243,0.06780972911457567
16384,1,9552,32768,0.282016,0.2559189450314071,0.02609705496859288
16384,1,12004,8192,0.372832,0.4372246500294736,0.06439265002947359
16384,1,28672,28672,0.518288,0.4741993054392496,0.044088694560750374
16384,1,32768,32768,0.5871040000000001,0.4876836733144121,0.09942032668558798
16384,1,36945,122880,0.40105599999999997,0.38156291022586947,0.0194930897741305
16384,1,39408,131072,0.429056,0.4201868313195941,0.008869168680405881
16384,1,122880,122880,0.6265728,0.5341124044614949,0.09246039553850516
16384,1,131072,131072,0.5819840000000001,0.5145962152355148,0.06738778476448526
16384,2,0,0,0.532548,0.34221156130123426,0.19033643869876576
16384,2,256,256,0.483184,0.34351803394317704,0.13966596605682297
16384,2,512,512,0.57952,0.34482064314388183,0.2346993568561182
16384,2,1024,1024,0.47824,0.3474142712215774,0.13082572877842258
16384,2,1137,512,0.58448,0.3528706859108348,0.23160931408916519
16384,2,1151,256,0.4974079999999999,0.35506372829683797,0.14234427170316194
16384,2,2048,2048,0.584208,0.3525551660821116,0.23165283391788832
16384,2,2302,512,0.436864,0.3678039968937923,0.06906000310620769
16384,2,3544,4096,0.581472,0.35574701039901946,0.22572498960098053
16384,2,4096,4096,0.6656960000000001,0.3626515106237534,0.3030444893762467
16384,2,5316,6144,0.48142399999999996,0.36233114617871987,0.1190928538212801
16384,2,6144,6144,0.62976,0.37250059492615956,0.25725940507384043
16384,2,7088,8192,0.53408,0.36879288944562566,0.16528711055437434
16384,2,7764,2048,0.8646719999999999,0.42416274940344456,0.4405092505965553
16384,2,8192,8192,0.653008,0.38210241898932995,0.2709055810106701
16384,2,17724,114688,0.407088,0.23952169292611225,0.16756630707388775
16384,2,18990,122880,0.38648,0.2756449065838204,0.11083509341617959
16384,2,20256,131072,0.38912,0.3175625474756526,0.07155745252434742
16384,2,22248,24576,0.5008,0.4262418817937162,0.07455811820628383
16384,2,24576,24576,0.48961599999999994,0.45001564288220947,0.039600357117790475
16384,2,25956,28672,0.631648,0.4380294349635187,0.19361856503648128
16384,2,28672,28672,0.452528,0.46452134646307275,0.011993346463072763
16384,2,29664,32768,0.577776,0.4491834166345752,0.12859258336542473
16384,2,32768,32768,0.5828373333333333,0.47803800908699323,0.10479932424634009
16384,2,114688,114688,0.593712,0.540672660607446,0.05303933939255401
16384,2,122880,122880,0.589728,0.5251772247067528,0.06455077529324726
16384,2,131072,131072,0.6645013333333333,0.5057256249782888,0.1587757083550445
16384,4,0,0,0.28509866666666667,0.3229661840296715,0.03786751736300481
16384,4,386,256,0.363136,0.3259589898157942,0.03717701018420583
16384,4,512,512,0.33092266666666664,0.32558333955950863,0.0053393271071580095
16384,4,772,512,0.470368,0.32893910428656675,0.14142889571343326
16384,4,1024,1024,0.39419733333333334,0.32818504132439374,0.0660122920089396
16384,4,1649,512,0.37606399999999995,0.34022394365379804,0.03584005634620191
16384,4,2048,2048,0.22494399999999998,0.3333420835593069,0.10839808355930691
16384,4,2517,1024,0.187536,0.34730335559081055,0.15976735559081054
16384,4,3298,1024,0.555808,0.3572430032369685,0.19856499676303146
16384,4,5034,2048,0.47652799999999995,0.3710729039357734,0.10545509606422654
16384,4,9240,32768,0.320544,0.22367818847731025,0.09686581152268975
16384,4,11436,8192,0.458048,0.4016540492038089,0.056393950796191084
16384,4,13456,131072,0.277744,0.25957480420762313,0.018169195792376858
16384,4,24576,24576,0.31920000000000004,0.4311578025957431,0.11195780259574306
16384,4,28672,28672,0.304944,0.4457280956741224,0.14078409567412242
16384,4,32768,32768,0.352352,0.459309347795559,0.10695734779555899
16384,4,114688,114688,0.42532800000000004,0.5232357892663331,0.09790778926633303
16384,4,122880,122880,0.5899840000000001,0.5078695323606719,0.08211446763932817
16384,4,131072,131072,0.49947733333333333,0.48854711162724007,0.010930221706093257
16384,8,0,0,0.12256914285714285,0.2867260981401597,0.16415695528301685
16384,8,256,256,0.17507199999999995,0.2880446813128868,0.11297268131288685
16384,8,512,512,0.19831999999999994,0.2893594010443759,0.09103940104437597
16384,8,1024,1024,0.20976,0.29197725018363996,0.08221725018363996
16384,8,3624,4096,0.33776,0.30143727398000036,0.03632272601999964
16384,8,4096,4096,0.292672,0.30735981595522704,0.014687815955227057
16384,8,5436,6144,0.269472,0.3085831053409057,0.03911110534090573
16384,8,6144,6144,0.251904,0.31730578450390723,0.06540178450390721
16384,8,7248,8192,0.237696,0.315589098995801,0.07789309899580102
16384,8,8192,8192,0.2290559999999999,0.32700449281335175,0.09794849281335186
16384,8,10888,32768,0.22134399999999993,0.20560256833127713,0.0157414316687228
16384,8,30016,131072,0.21116799999999997,0.3146075237226372,0.1034395237226372
16384,8,122880,122880,0.429952,0.47550481632212394,0.045552816322123935
16384,8,131072,131072,0.456832,0.45644075357875624,0.00039124642124377385
16384,16,0,0,0.057263999999999995,0.22324860097559088,0.16598460097559087
16384,16,3244,1024,0.149312,0.25712451936960556,0.10781251936960556
16384,16,5338,1024,0.467584,0.2837519522530263,0.1838320477469737
16384,16,6475,28672,0.1432,0.1150955519297378,0.02810444807026219
16384,16,7400,32768,0.127744,0.10487301724849066,0.02287098275150934
16384,16,11277,6144,0.360448,0.31671048513491695,0.04373751486508304
16384,16,18016,131072,0.145088,0.1893480229129232,0.04426002291292319
16384,32,0,0,0.028064,0.1323043051042724,0.1042403051042724
16384,32,512,512,0.0925759999999999,0.1350344922547627,0.042458492254762795
16384,32,1024,1024,0.120288,0.13774922564030084,0.017461225640300837
16384,32,4096,4096,0.189504,0.15371309688953255,0.035790903110467454
16384,32,6144,6144,0.178304,0.16404660242330915,0.014257397576690839
16384,32,17101,28672,0.20532266666666668,0.14254502315865253,0.06277764350801415
16384,32,122880,122880,0.38784,0.34433524239201985,0.04350475760798017
16384,64,30384,131072,0.104192,0.1421930109731846,0.03800101097318459
16640,65,28672,28672,0.174336,0.23082425075992447,0.056488250759924474
16896,33,0,0,0.019029333333333332,0.12947050970486665,0.11044117637153332
16896,33,512,512,0.0818879999999999,0.13220093468246785,0.05031293468246795
16896,33,28672,28672,0.2386879999999999,0.25857551042410126,0.019887510424101362
16896,33,122880,122880,0.388096,0.3415585254992257,0.04653747450077428
17152,67,28672,28672,0.211456,0.2309249334905511,0.019468933490551094
17408,17,3244,1024,0.225696,0.2576987623290541,0.03200276232905408
17408,17,6475,28672,0.13603199999999993,0.11580629397531653,0.020225706024683404
17408,17,11277,6144,0.297136,0.31720988926658766,0.020073889266587652
17408,17,16890,122880,0.12812800000000002,0.1482263463208366,0.02009834632083657
17408,34,0,0,0.022794666666666668,0.12643000723490283,0.10363534056823616
17408,34,5456,2048,0.3723776,0.18092544826945112,0.19145215173054886
17408,34,24576,24576,0.242176,0.24006997499496854,0.002106025005031459
17408,34,122880,122880,0.3968,0.33857510153587356,0.05822489846412643
17408,68,28672,28672,0.215936,0.23098557877699033,0.015049578776990341
17664,69,28672,28672,0.2162879999999999,0.23105309334418017,0.014765093344180275
17920,35,122880,122880,0.37136,0.33538497050196314,0.03597502949803688
17920,70,1304,2048,0.158752,0.09565895414464687,0.06309304585535314
17920,70,16506,24576,0.2719679999999999,0.12687970932081924,0.14508829067918064
17920,70,28485,122880,0.10116800000000001,0.10198309016776891,0.0008150901677689004
18176,71,1304,2048,0.140128,0.09562763043197456,0.044500369568025444
18176,71,28485,122880,0.100848,0.10227549624363524,0.0014274962436352512
18432,9,0,0,0.11137066666666667,0.29853146744362313,0.18716080077695646
18432,9,9527,28672,0.222192,0.22381670413098242,0.001624704130982424
18432,9,10888,32768,0.228832,0.2174375241964895,0.011394475803510495
18432,9,30016,131072,0.17104,0.3269913746775979,0.15595137467759793
18432,9,122880,122880,0.403424,0.48463197226381105,0.08120797226381105
18432,9,131072,131072,0.416192,0.46538936196299185,0.04919736196299185
18432,18,2669,512,0.20995200000000003,0.25422046933463677,0.04426846933463674
18432,18,5550,24576,0.14432,0.12728559304192216,0.01703440695807784
18432,18,15764,114688,0.148304,0.11221903661506633,0.036084963384933666
18432,18,16890,122880,0.146752,0.148677670247444,0.0019256702474440002
18432,36,3948,1024,0.336608,0.16301465124087353,0.1735933487591265
18432,36,10266,6144,0.30804266666666663,0.20222496790436323,0.1058176987623034
18432,36,14658,24576,0.24690133333333333,0.12753623755071097,0.11936509578262236
18432,72,1304,2048,0.14267200000000002,0.09560317600005275,0.047068823999947274
18944,74,652,1024,0.048832,0.09476481992433552,0.045932819924335525
18944,74,28672,28672,0.25584,0.23149370539138747,0.02434629460861254
19200,75,652,1024,0.08904000000000001,0.09475741636546814,0.005717416365468131
19200,75,28672,28672,0.233184,0.23160243564308064,0.0015815643569193627
19456,19,2669,512,0.272992,0.2533340628398546,0.01965793716014541
19456,19,15764,114688,0.14544,0.1118996581549529,0.03354034184504712
19456,76,24576,24576,0.238176,0.21500487297779258,0.023171127022207416
19712,77,24576,24576,0.244416,0.21511024310816437,0.02930575689183562
19968,39,2728,1024,0.17517439999999998,0.1356816641751918,0.03949273582480817
19968,78,2140,1024,0.19887999999999997,0.11453978150186622,0.08434021849813375
19968,78,26586,114688,0.115952,0.0675640149095374,0.048387985090462604
20480,5,0,0,0.164944,0.35862108228949996,0.19367708228949995
20480,5,256,256,0.402768,0.3599184141308994,0.04284958586910059
20480,5,386,256,0.325664,0.3615909541865927,0.0359269541865927
20480,5,512,512,0.394088,0.36121188253106096,0.03287611746893904
20480,5,1024,1024,0.44354559999999993,0.3637872290076697,0.07975837099233024
20480,5,1649,512,0.335008,0.37576715700656593,0.04075915700656596
20480,5,2048,2048,0.36766933333333335,0.3688915606660305,0.0012222273326971678
20480,5,6144,6144,0.4981333333333334,0.38869073670138465,0.10944259663194872
20480,5,8085,28672,0.29532800000000003,0.26765825186666264,0.02766974813333739
20480,5,8192,8192,0.43420800000000004,0.39821943436020824,0.0359885656397918
20480,5,8577,6144,0.40470399999999995,0.4181506560600654,0.013446656060065454
20480,5,9240,32768,0.222976,0.25941207851680004,0.03643607851680003
20480,5,11436,8192,0.37859200000000004,0.4366438070171488,0.05805180701714874
20480,5,12615,122880,0.272848,0.2548132256808048,0.0180347743191952
20480,5,13456,131072,0.2240639999999999,0.29730959866253315,0.07324559866253325
20480,5,28672,28672,0.565472,0.4799070977904824,0.08556490220951757
20480,5,32768,32768,0.417344,0.49327750760570926,0.07593350760570927
20480,5,131072,131072,0.50464,0.5174550560883555,0.012815056088355536
20480,10,0,0,0.167024,0.30815798343925715,0.14113398343925715
20480,10,512,512,0.30934399999999995,0.31076896789879194,0.0014249678987919845
20480,10,612,256,0.20198399999999994,0.3140553861473852,0.11207138614738527
20480,10,767,1024,0.1900928,0.31006822846883997,0.11997542846883996
20480,10,1224,512,0.310944,0.319919197292321,0.008975197292320991
20480,10,1534,2048,0.3032384,0.3119726833828631,0.008734283382863084
20480,10,2048,2048,0.375888,0.31850919868768285,0.05737880131231715
20480,10,8166,24576,0.207456,0.24091817940282056,0.03346217940282056
20480,10,8192,8192,0.284416,0.3480792829975458,0.06366328299754581
20480,10,9527,28672,0.19595200000000002,0.23346910836814663,0.03751710836814662
20480,10,10888,32768,0.19504,0.22709362675387235,0.032053626753872355
20480,10,28140,122880,0.203072,0.29636959207231367,0.09329759207231367
20480,10,30016,131072,0.181728,0.33719637232472893,0.15546837232472893
20480,10,32768,32768,0.300736,0.4441061987057878,0.14337019870578782
20480,10,114688,114688,0.366592,0.5070452689281693,0.14045326892816928
20480,10,122880,122880,0.384128,0.491580274897669,0.10745227489766895
20480,20,0,0,0.063584,0.22129846482385726,0.15771446482385726
20480,20,7518,4096,0.4290879999999999,0.2845641163593804,0.14452388364061952
20480,20,15764,114688,0.152384,0.11084775018888998,0.04153624981111001
20480,20,32768,32768,0.259648,0.35983025999103047,0.10018225999103048
20480,40,1974,512,0.153264,0.1256389065471994,0.02762509345280062
20480,40,32768,32768,0.287808,0.24754509890185833,0.04026290109814168
20992,41,1974,512,0.197952,0.12114701032953229,0.0768049896704677
20992,41,32768,32768,0.307392,0.24307286787308435,0.06431913212691565
20992,82,1070,512,0.09281066666666664,0.10442561844616605,0.011614951779499408
21504,21,0,0,0.031744,0.21897960702104988,0.18723560702104988
21504,21,32768,32768,0.305376,0.3572834860683517,0.051907486068351716
21504,42,6844,4096,0.415808,0.1506459035245184,0.2651620964754816
22016,43,114688,114688,0.322208,0.3159383610942863,0.0062696389057136925
22016,86,0,0,0.00976,0.09429293766374663,0.08453293766374663
22528,11,0,0,0.086096,0.31560564612706166,0.22950964612706165
22528,11,256,256,0.21654400000000001,0.31690749046627764,0.10036349046627763
22528,11,512,512,0.21640533333333334,0.3182054713642557,0.10180013803092236
22528,11,612,256,0.172416,0.32148536755410184,0.14906936755410183
22528,11,1024,1024,0.25740799999999997,0.3207898428364974,0.06338184283649745
22528,11,2048,2048,0.309904,0.3259122244861243,0.016008224486124267
22528,11,6144,6144,0.424384,0.3457836004865428,0.07860039951345721
22528,11,8192,8192,0.314048,0.3553483981278985,0.041300398127898486
22528,11,28140,122880,0.206528,0.3043595813083967,0.0978315813083967
22528,11,32768,32768,0.276128,0.4508396711637852,0.17471167116378522
22528,11,114688,114688,0.395456,0.5119932658116492,0.1165372658116492
22528,11,122880,122880,0.38316799999999995,0.49634972422369705,0.1131817242236971
22528,22,0,0,0.044864,0.21592821971229284,0.17106421971229285
22528,22,512,512,0.157744,0.21857245022902913,0.060828450229029135
22528,22,2048,2048,0.23896,0.22641241918952468,0.012547580810475328
22528,22,8192,8192,0.265792,0.2563814561858064,0.009410543814193595
22528,22,32768,32768,0.235616,0.3540041826397233,0.11838818263972328
22528,44,0,0,0.019552,0.08465609365456972,0.06510409365456972
22528,44,8192,8192,0.25472,0.1265302990734367,0.12818970092656332
22528,44,114688,114688,0.316768,0.31088406119157896,0.00588393880842103
22528,88,8192,8192,0.146496,0.1391588919359552,0.007337108064044778
22784,89,8192,8192,0.15952,0.13927829870404368,0.020241701295956316
23040,45,0,0,0.022671999999999998,0.07934181340846697,0.05666981340846697
23040,45,8192,8192,0.206304,0.12121982406110801,0.08508417593889198
23040,45,114688,114688,0.3215679999999999,0.3056230542183137,0.015944945781686204
23040,90,8192,8192,0.182048,0.13940457475288254,0.04264342524711745
23296,91,2048,2048,0.13456,0.10629455888644368,0.028265441113556333
23296,91,122880,122880,0.313856,0.35160281385768166,0.03774681385768164
23552,23,256,256,0.119648,0.21346656928188684,0.09381856928188684
23552,23,512,512,0.137728,0.21478497222494952,0.07705697222494953
23552,23,1024,1024,0.174432,0.21741018778736063,0.04297818778736062
23552,23,2048,2048,0.192672,0.2226142576173261,0.02994225761732608
23552,23,8192,8192,0.192384,0.2525405603411319,0.060156560341131926
23552,23,32768,32768,0.2263359999999999,0.34999234970514526,0.12365634970514536
23552,23,122880,122880,0.49488,0.4026909626348546,0.09218903736514539
23552,46,0,0,0.018133333333333335,0.07382082609180607,0.055687492758472734
23552,46,256,256,0.07368,0.07518951617744643,0.001509516177446435
23552,46,512,512,0.111936,0.07655434282184875,0.03538165717815124
23552,46,1024,1024,0.139776,0.07927240578693923,0.060503594213060785
23552,46,2048,2048,0.18864,0.08466217042226334,0.10397782957773666
23552,46,8192,8192,0.13344,0.1157026419782213,0.0177373580217787
23552,46,114688,114688,0.323808,0.3001553401744905,0.02365265982550946
23552,46,122880,122880,0.392352,0.2866508624721167,0.1057011375278833
23552,92,512,512,0.061088,0.09774401345605921,0.036656013456059205
23552,92,1024,1024,0.092,0.10064777122650836,0.008647771226508366
23552,92,2048,2048,0.138112,0.10640892547254988,0.03170307452745014
23552,92,122880,122880,0.358112,0.352221591587053,0.005890408412946968
23808,93,256,256,0.073344,0.09640009460209945,0.02305609460209944
23808,93,512,512,0.08704,0.0978588373168576,0.010818837316857594
23808,93,1024,1024,0.088544,0.10076473242265951,0.012220732422659517
23808,93,2048,2048,0.1392,0.10653016133940668,0.03266983866059331
23808,93,122880,122880,0.308608,0.3528472385971746,0.0442392385971746
24064,47,0,0,0.022047999999999998,0.06809313170458714,0.04604513170458714
24064,47,256,256,0.082064,0.06946194070378292,0.012602059296217077
24064,47,512,512,0.092656,0.07082688626174069,0.021829113738259312
24064,47,1024,1024,0.113152,0.07354518705394203,0.03960681294605797
24064,47,2048,2048,0.141504,0.07893542734348793,0.06256857265651206
24064,47,8192,8192,0.222432,0.10997875282477643,0.11245324717522356
24064,47,114688,114688,0.325472,0.2944809190601091,0.03099108093989089
24064,47,122880,122880,0.39152,0.28098024659150933,0.11053975340849065
24064,94,0,0,0.016544,0.09505704425229944,0.07851304425229944
24064,94,256,256,0.07008,0.09652071907597201,0.026440719075972008
24064,94,512,512,0.06928,0.09798053045840649,0.028700530458406495
24064,94,1024,1024,0.083808,0.10088856289956127,0.01708056289956128
24064,94,2048,2048,0.109536,0.10665826648701399,0.002877733512986008
24064,94,122880,122880,0.358624,0.35347975488804706,0.005144245111952939
24320,95,0,0,0.009872,0.09518346933924615,0.08531146933924615
24320,95,256,256,0.053344,0.09664821283059513,0.04330421283059513
24320,95,512,512,0.063744,0.09810909288070602,0.03436509288070602
24320,95,1024,1024,0.097344,0.10101926265721367,0.003675262657213671
24320,95,2048,2048,0.08848,0.10679324091537201,0.01831324091537201
24320,95,6144,6144,0.206816,0.12927100334991665,0.07754499665008335
24320,95,28672,28672,0.288096,0.23521958963456274,0.052876410365437276
24576,3,0,0,0.37846857142857143,0.4235334203518243,0.045064848923252854
24576,3,256,256,0.47456,0.42481151928369354,0.04974848071630644
24576,3,512,512,0.49011199999999994,0.42608575477432475,0.06402624522567518
24576,3,1024,1024,0.482272,0.42862263543187307,0.05364936456812691
24576,3,1137,512,0.4516799999999999,0.43403757428925327,0.017642425710746645
24576,3,1151,256,0.455072,0.43621655794045555,0.018855442059544425
24576,3,2048,2048,0.47936,0.43365003545211284,0.04570996454788717
24576,3,3882,1024,0.596752,0.46459603319149656,0.1321559668085034
24576,3,6144,6144,0.574352,0.45314148493498324,0.12121051506501673
24576,3,7764,2048,0.710384,0.5043593081997321,0.20602469180026795
24576,3,8192,8192,0.5243519999999999,0.46251631931756476,0.06183568068243517
24576,3,22248,24576,0.515248,0.505205726646381,0.010042273353619069
24576,3,25956,28672,0.546576,0.5166002774498626,0.029975722550137363
24576,3,28672,28672,0.5927199999999999,0.5426653499854196,0.050054650014580315
24576,3,32768,32768,0.6104959999999999,0.5557280332481626,0.05476796675183737
24576,3,122880,122880,0.624016,0.5928797029220146,0.031136297077985375
24576,3,131072,131072,0.6723840000000001,0.5725201444711957,0.09986385552880439
24576,6,0,0,0.230956,0.38762576391335146,0.15666976391335147
24576,6,256,256,0.317584,0.3889099181106128,0.07132591811061284
24576,6,512,512,0.36540799999999996,0.3901902088666362,0.024782208866636235
24576,6,1024,1024,0.3490176,0.3927392000549687,0.04372160005496872
24576,6,2048,2048,0.33670399999999995,0.3977908211367771,0.06108682113677716
24576,6,4096,4096,0.484416,0.40770861812096715,0.07670738187903287
24576,6,5718,4096,0.521536,0.4276545963537033,0.09388140364629671
24576,6,6144,6144,0.42691199999999996,0.4173791548659215,0.009532845134078483
24576,6,6930,24576,0.290736,0.30615547985275837,0.015419479852758378
24576,6,8085,28672,0.22344,0.29673205129771774,0.07329205129771774
24576,6,8192,8192,0.414512,0.4268024313716401,0.012290431371640098
24576,6,8577,6144,0.368608,0.4466564823490504,0.07804848234905043
24576,6,9240,32768,0.245024,0.28849575192031274,0.043471751920312746
24576,6,11436,8192,0.419104,0.4649833481945116,0.045879348194511615
24576,6,11774,114688,0.251904,0.24931855558807947,0.0025854444119205455
24576,6,12615,122880,0.20335999999999999,0.2857678099875452,0.08240780998754521
24576,6,13456,131072,0.201024,0.3283941764814661,0.12737017648146612
24576,6,24576,24576,0.404624,0.49328727480490564,0.08866327480490566
24576,6,28672,28672,0.363472,0.5074358832708654,0.1439638832708654
24576,6,32768,32768,0.397616,0.5205954507798825,0.12297945077988243
24576,6,122880,122880,0.5204639999999999,0.5598785738717648,0.039414573871764835
24576,6,131072,131072,0.463232,0.5397127839134939,0.07648078391349389
24576,12,0,0,0.137344,0.32087445550703647,0.18353045550703648
24576,12,256,256,0.16086399999999995,0.3221707202350821,0.16130672023508213
24576,12,512,512,0.17804799999999998,0.3234631215218897,0.14541512152188973
24576,12,1024,1024,0.19464800000000002,0.32603633377179075,0.13138833377179074
24576,12,2048,2048,0.26896,0.33113639697673625,0.06217639697673627
24576,12,4096,4096,0.370144,0.34115107820720036,0.02899292179279961
24576,12,6144,6144,0.29665600000000003,0.35091849919842877,0.05426249919842874
24576,12,8192,8192,0.22464,0.36043865995042157,0.13579865995042156
24576,12,26264,114688,0.198,0.27447321090407417,0.07647321090407416
24576,12,28672,28672,0.436704,0.44204095431238777,0.005336954312387787
24576,12,32768,32768,0.255744,0.45539429031395307,0.19965029031395304
24576,12,114688,114688,0.385824,0.5147624093872994,0.12893840938729945
24576,12,122880,122880,0.4465599999999999,0.4989403202418956,0.052380320241895706
24576,24,0,0,0.05596,0.20762785657692995,0.15166785657692994
24576,24,256,256,0.08220799999999995,0.20894834236654414,0.1267403423665442
24576,24,512,512,0.10719999999999996,0.21026496471492026,0.1030649647149203
24576,24,1024,1024,0.14784,0.21288661908795836,0.06504661908795836
24576,24,2048,2048,0.19995199999999996,0.21808356653917785,0.018131566539177885
24576,24,6144,6144,0.238224,0.23825320574596684,2.9205745966848218e-05
24576,24,8192,8192,0.126208,0.24796713499050776,0.12175913499050778
24576,24,28672,28672,0.388192,0.331507114277956,0.056684885722044
24576,24,32768,32768,0.252832,0.3452479872646176,0.09241598726461758
24576,24,122880,122880,0.502688,0.3973198308646806,0.10536816913531943
24576,48,0,0,0.021016,0.06215873024681007,0.04114273024681007
24576,48,512,512,0.078704,0.06489272263107451,0.013811277368925484
24576,48,1024,1024,0.12061866666666665,0.06761126125038672,0.053007405416279935
24576,48,2048,2048,0.135328,0.07300197719415441,0.06232602280584559
24576,48,6144,6144,0.156192,0.09394669037113615,0.06224530962886385
24576,48,8192,8192,0.126144,0.10404815660077352,0.02209584339922649
24576,48,28672,28672,0.3393279999999999,0.19146350573918552,0.14786449426081438
24576,48,122880,122880,0.377824,0.27510292364034394,0.10272107635965605
24576,96,0,0,0.011317333333333332,0.09531676370694353,0.0839994303736102
24576,96,512,512,0.0387519999999999,0.09824452458375607,0.05949252458375617
24576,96,1024,1024,0.093696,0.1011568316956164,0.007460831695616399
24576,96,2048,2048,0.108288,0.10693508462448045,0.0013529153755195422
24576,96,6144,6144,0.211648,0.1294299457418479,0.0822180542581521
24576,96,28672,28672,0.200096,0.23547257478201772,0.03537657478201772
24832,97,0,0,0.010863999999999999,0.09545692735539124,0.08459292735539124
24832,97,1024,1024,0.058464,0.10130127001476999,0.04283727001476999
24832,97,6144,6144,0.142208,0.1295957574145295,0.012612242585470501
24832,97,28672,28672,0.191296,0.23573242921022325,0.044436429210223255
25088,49,1024,1024,0.06064,0.06147062837627337,0.0008306283762733735
25088,49,2048,2048,0.104352,0.06686181997426277,0.03749018002573723
25088,49,6144,6144,0.163456,0.08780843576813158,0.07564756423186841
25088,49,8192,8192,0.199808,0.09791085330621246,0.10189714669378755
25088,49,28672,28672,0.277952,0.18533571552905978,0.0926162844709402
25088,49,122880,122880,0.346752,0.2690188936186204,0.07773310638137959
25344,99,1024,1024,0.018624,0.10161075449532855,0.08298675449532855
25344,99,6144,6144,0.161536,0.1299479886021444,0.03158801139785561
25344,99,28672,28672,0.200096,0.2362727459088862,0.0361767459088862
25600,25,1024,1024,0.07692799999999994,0.20763052088260653,0.1307025208826066
25600,25,6144,6144,0.1664,0.23296149564688506,0.06656149564688507
25600,25,8192,8192,0.134336,0.24266118013393406,0.10832518013393405
25600,25,28672,28672,0.2133759999999999,0.3260587118464626,0.11268271184646272
25600,25,32768,32768,0.329856,0.33977109531814037,0.009915095318140388
25600,25,122880,122880,0.3353919999999999,0.3912161695885572,0.05582416958855729
25600,50,1024,1024,0.045792,0.05512328843160194,0.009331288431601942
25600,50,2048,2048,0.090176,0.0605149556838131,0.029661044316186908
25600,50,28672,28672,0.3428159999999999,0.17900121824837598,0.16381478175162392
25600,50,122880,122880,0.32448,0.26272815652633885,0.06175184347366114
25600,100,28672,28672,0.20624,0.2365532081793436,0.030313208179343604
25856,101,6144,6144,0.17104,0.13032769691276141,0.04071230308723858
25856,101,28672,28672,0.215392,0.23684053973055125,0.021448539730551247
26112,51,6144,6144,0.1801279999999999,0.07491180535044828,0.10521619464955162
26112,51,28672,28672,0.280352,0.17246001389713406,0.10789198610286593
26112,51,122880,122880,0.350912,0.2562307123634995,0.09468128763650052
26112,102,6144,6144,0.16752,0.13052785498919584,0.03699214501080417
26368,103,4096,4096,0.18304,0.11955123651743618,0.06348876348256383
26624,13,6144,6144,0.308608,0.35387454460248524,0.04526654460248525
26624,13,28672,28672,0.299904,0.4445059939334519,0.1446019939334519
26624,13,32768,32768,0.302784,0.4577700561562913,0.1549860561562913
26624,13,122880,122880,0.387968,0.49935206295226464,0.11138406295226466
26624,26,4096,4096,0.25088,0.217004556073061,0.033875443926939
26624,26,6144,6144,0.210432,0.22693725604185366,0.016505256041853655
26624,26,8192,8192,0.2083519999999999,0.2366226957714107,0.02827069577141081
26624,26,122880,122880,0.366304,0.3843799788064841,0.018075978806484094
26624,52,4096,4096,0.208096,0.05780089783312234,0.15029510216687766
27136,53,28672,28672,0.279968,0.15875748398297596,0.12121051601702404
27136,106,28672,28672,0.23536,0.23838023669784908,0.003020236697849066
27392,107,28672,28672,0.22816,0.23870878393356038,0.010548783933560374
27648,27,28672,28672,0.277152,0.3129643184656271,0.0358123184656271
27648,27,122880,122880,0.3600959999999999,0.3768112585184612,0.016715258518461285
27648,54,24576,24576,0.315744,0.13607975480494033,0.1796642451950597
27648,54,28672,28672,0.276928,0.15159615842005977,0.12533184157994023
27648,108,24576,24576,0.239328,0.22178388040196906,0.017544119598030955
27904,109,24576,24576,0.252768,0.22210906751635873,0.030658932483641266
28160,55,24576,24576,0.2813759999999999,0.12870981955457905,0.15266618044542085
28672,7,122880,122880,0.44571199999999994,0.5759077696733458,0.13019576967334584
28672,14,24576,24576,0.355264,0.43062835084563034,0.07536435084563031
28672,14,28672,28672,0.365056,0.44479218024668654,0.07973618024668655
28672,14,32768,32768,0.351744,0.4579669686908,0.1062229686908
28672,14,114688,114688,0.373248,0.5137641366151114,0.14051613661511142
28672,14,122880,122880,0.382496,0.49758495235480427,0.11508895235480426
28672,28,24576,24576,0.2764479999999999,0.2907023716326163,0.014254371632616392
28672,28,114688,114688,0.34768,0.3837849400195712,0.03610494001957121
28672,28,122880,122880,0.456288,0.3685100087244888,0.08777799127551122
28928,113,114688,114688,0.314464,0.37661794389531855,0.06215394389531853
29184,57,114688,114688,0.321344,0.22636781903560022,0.0949761809643998
29184,114,114688,114688,0.313376,0.37735364843555685,0.06397764843555687
29440,115,114688,114688,0.31248,0.37809622225654604,0.06561622225654606
29696,29,114688,114688,0.3474239999999999,0.37480813974961713,0.02738413974961723
29952,117,114688,114688,0.311744,0.3796019777407762,0.06785797774077618
30208,59,114688,114688,0.319488,0.21026471418400128,0.10922328581599872
30464,119,114688,114688,0.3151359999999999,0.38113521034800857,0.06599921034800865
30720,15,114688,114688,0.39776,0.5099967202672729,0.11223672026727294
30720,15,122880,122880,0.386592,0.4936389884495138,0.10704698844951382
30720,30,114688,114688,0.357184,0.36509880997371347,0.007914809973713466
30720,60,114688,114688,0.3171199999999999,0.20190310115236476,0.11521689884763514
30720,120,114688,114688,0.309568,0.3819121305727504,0.07234413057275041
31232,61,114688,114688,0.323296,0.1933347810501702,0.12996121894982976
31744,31,114688,114688,0.3401599999999999,0.35465695069186,0.014496950691860078
32768,2,0,0,0.577408,0.512704305519133,0.06470369448086699
32768,2,256,256,0.49356799999999995,0.5139499938973339,0.020381993897333917
32768,2,512,512,0.490464,0.5151918188342969,0.024727818834296866
32768,2,674,512,0.673856,0.5172277717561514,0.1566282282438486
32768,2,1024,1024,0.585904,0.5176638783845083,0.06824012161549164
32768,2,1043,1024,0.740256,0.517901637013909,0.22235436298609101
32768,2,1348,1024,0.7305440000000001,0.5217148782615216,0.20882912173847845
32768,2,2048,2048,0.715328,0.5225616361900748,0.19276636380992518
32768,2,2086,2048,0.678768,0.5230326495694197,0.1557353504305803
32768,2,2721,256,0.800512,0.5448058712501893,0.2557061287498107
32768,2,4096,4096,0.576032,0.5321717066217809,0.04386029337821906
32768,2,5442,512,0.983776,0.5763389016244289,0.40743709837557107
32768,2,6144,6144,0.760688,0.5415345168142515,0.21915348318574857
32768,2,7164,24576,0.43217599999999995,0.4335145966252766,0.0013385966252766335
32768,2,8192,8192,0.676848,0.5506500667674863,0.12619793323251371
32768,2,8358,28672,0.37507199999999996,0.4243976034807837,0.04932560348078374
32768,2,9003,6144,0.6315200000000001,0.5753458000261534,0.05617419997384665
32768,2,9552,32768,0.3667519999999999,0.416446693670905,0.049694693670905066
32768,2,12004,8192,0.432288,0.5947077815503071,0.16241978155030712
32768,2,24576,24576,0.6012,0.6146730977808808,0.013473097780880794
32768,2,28672,28672,0.5525519999999999,0.6282062531418726,0.07565425314187268
32768,2,32768,32768,0.582016,0.6407503675459221,0.058734367545922095
32768,2,34482,114688,0.672432,0.5075594558056562,0.16487254419434383
32768,2,36945,122880,0.6850240000000001,0.5415614346465776,0.1434625653534225
32768,2,39408,131072,0.686368,0.5801460092349884,0.1062219907650116
32768,2,114688,114688,0.7970933333333333,0.6839340546689496,0.11315927866438369
32768,2,122880,122880,0.985808,0.6664935223285138,0.31931447767148624
32768,2,131072,131072,0.908,0.6450968261603073,0.26290317383969275
32768,4,0,0,0.36976914285714285,0.48294747321259174,0.11317833035544889
32768,4,512,512,0.3880639999999999,0.4854430602149451,0.09737906021494519
32768,4,1024,1024,0.388784,0.48792319345234614,0.09913919345234612
32768,4,1137,512,0.554208,0.49329665647784926,0.060911343522150774
32768,4,1151,256,0.2662719999999999,0.4954615813942506,0.22918958139425072
32768,4,2048,2048,0.45392,0.4928370986322915,0.038917098632291536
32768,4,3882,1024,0.398,0.5234474359251129,0.12544743592511287
32768,4,4096,4096,0.62608,0.5024794638127558,0.1236005361872442
32768,4,6144,6144,0.6029599999999999,0.5118745687539843,0.09108543124601565
32768,4,7764,2048,0.7192160000000001,0.5626480608061968,0.1565679391938033
32768,4,8192,8192,0.577216,0.5210224134559771,0.056193586544022844
32768,4,24576,24576,0.601184,0.5853038024594359,0.015880197540564134
32768,4,28672,28672,0.605456,0.598901547317944,0.006554452682056011
32768,4,32768,32768,0.60592,0.6115102512195093,0.00559025121950929
32768,4,114688,114688,0.59176,0.6559857282928582,0.06422572829285822
32768,4,122880,122880,0.590352,0.6386743749474543,0.04832237494745428
32768,4,131072,131072,0.5975999999999999,0.6174068577742801,0.01980685777428015
32768,8,114688,114688,0.46231999999999995,0.6023397441942889,0.14001974419428898
32768,16,114688,114688,0.395424,0.5040504506116052,0.10862645061160525
40960,5,0,0,0.3254186666666667,0.5204537198835367,0.19503505321687004
40960,5,512,512,0.310912,0.5228925594657428,0.21198055946574274
40960,5,1151,256,0.276032,0.532798798658223,0.256766798658223
49152,3,0,0,0.410912,0.5956105906318339,0.18469859063183386
49152,3,256,256,0.4276799999999999,0.59679751316809,0.16911751316809015
49152,3,512,512,0.859472,0.5979805722631084,0.2614914277368916
49152,3,674,512,0.435808,0.5999644623483806,0.16415646234838066
49152,3,1024,1024,0.924064,0.6003351001294308,0.3237288998705692
49152,3,1043,1024,0.7490559999999999,0.6005667526236766,0.1484892473763233
49152,3,2048,2048,0.744864,0.6049977945672189,0.13986620543278105
49152,3,2086,2048,0.621184,0.6054565956762543,0.015727404323745642
49152,3,2721,256,0.676736,0.6268611998285053,0.049874800171494704
49152,3,4096,4096,0.506976,0.6141377382633684,0.10716173826336839
49152,3,6002,4096,0.717504,0.6365780500524827,0.08092594994751734
49152,3,6144,6144,1.01,0.6230304217202822,0.3869695782797178
49152,3,8192,8192,0.749312,0.6316758449379605,0.1176361550620395
49152,3,9003,6144,0.575008,0.6559228922791674,0.08091489227916748
49152,6,0,0,0.26493866666666666,0.5360521603646592,0.27111349369799254
57344,7,0,0,0.255328,0.529742794655959,0.27441479465595897
65536,4,0,0,0.504752,0.6008344388568191,0.09608243885681911
65536,4,256,256,0.720608,0.601962595551131,0.11864540444886906
65536,4,512,512,0.681392,0.6030868888042047,0.07830511119579531
65536,4,1024,1024,0.769984,0.6053238849866378,0.1646601150133622
65536,4,2048,2048,0.7799039999999999,0.6097515160566478,0.17015248394335214
65536,4,2086,2048,0.622784,0.6101981048953738,0.012585895104626155
65536,4,6144,6144,0.7041599999999999,0.6268438897385978,0.07731611026140206
65536,4,8192,8192,0.372416,0.6350191862207194,0.2626031862207194
73728,9,0,0,0.22096,0.4514006446690911,0.2304406446690911
