prefill_qo_len,prefill_kv_len,decode_qo_len,decode_kv_len,count,mean,std,variance,min,max,cv
256,256,2,32768,3,0.49356799999999995,0.4036925461387664,0.16296767180800004,0.26048,0.959712,81.79066431717123
512,512,2,32768,6,0.490464,0.36336652985766316,0.1320352350208,0.190624,0.961312,74.08627947893767
1024,1024,2,32768,8,0.585904,0.35959686278625164,0.1293099037257143,0.2437119999999999,0.952576,61.37470690162159
2048,2048,2,32768,5,0.715328,0.3359690355255972,0.11287519283199998,0.336768,0.974528,46.96713053013863
0,0,2,32768,13,0.577408,0.3015167044659383,0.09091232307199998,0.19616,0.961216,52.219003618536505
256,256,3,49152,2,0.4276799999999999,0.2839740833245175,0.08064128000000001,0.2268799999999999,0.6284799999999999,66.39872878276253
32768,32768,2,32768,2,0.582016,0.2772763678931186,0.07688218419200005,0.3859519999999999,0.77808,47.64067789295791
28672,28672,2,32768,4,0.5525519999999999,0.26198331973365535,0.0686352598186667,0.324928,0.8016,47.4133329869844
2048,2048,2,16384,4,0.584208,0.2510908861959483,0.06304663313066666,0.363904,0.802848,42.9797069114029
1024,1024,2,16384,4,0.47824,0.23122038387650864,0.05346286592000002,0.275232,0.7783680000000001,48.348189994178746
0,0,3,49152,8,0.410912,0.22423485027469364,0.050281268077714276,0.09344,0.67968,54.57004181433582
24576,24576,2,32768,4,0.6012,0.2188990081415019,0.04791677576533331,0.324032,0.780544,36.41034732286953
6144,6144,2,32768,4,0.760688,0.20908816896228252,0.04371786240000001,0.562112,1.014464,27.48671846207588
256,256,2,16384,4,0.483184,0.19100858435159407,0.03648427929600003,0.31808,0.668672,39.531231231179596
2048,2048,6,24576,3,0.33670399999999995,0.18833759238134057,0.035471048703999995,0.119232,0.446144,55.93565634070428
24576,22248,3,24576,2,0.515248,0.18262588259061205,0.033352212992000016,0.386112,0.6443840000000001,35.444268110728764
512,512,2,16384,6,0.57952,0.18125492416152453,0.032853347532800004,0.372,0.744512,31.276733180951094
28672,28672,1,8192,2,0.3478399999999999,0.15214675189434712,0.02314863411200002,0.2402559999999999,0.455424,43.74044153938785
8192,8192,2,32768,2,0.676848,0.1520788696433531,0.023127982591999986,0.569312,0.784384,22.468688630369655
0,0,2,16384,8,0.532548,0.14791018785349827,0.021877423670857144,0.33536,0.697024,27.7740575170171
28672,28672,3,12288,2,0.401776,0.14393299952408414,0.02071670835200001,0.3,0.503552,35.82419046639419
2048,2048,5,20480,3,0.36766933333333335,0.13639218495695907,0.018602828117333332,0.210816,0.458368,37.09642674936065
0,0,4,65536,4,0.504752,0.11989213712333266,0.014374124544000002,0.391808,0.673184,23.75268193084524
122880,122880,1,16384,5,0.6265728,0.11848184112006355,0.014037946675199982,0.508032,0.8064319999999999,18.909509174537106
0,0,5,40960,3,0.3254186666666667,0.11779904280312868,0.013876614485333342,0.256896,0.46144,36.199227282678756
32768,32768,1,16384,2,0.5871040000000001,0.11553559119163248,0.013348472832000025,0.505408,0.6688000000000001,19.67889695385376
2048,2048,4,65536,2,0.7799039999999999,0.11544508152364051,0.013327566848000003,0.698272,0.861536,14.802473318362008
0,0,6,49152,3,0.26493866666666666,0.10328959748848542,0.010668740949333334,0.150048,0.350112,38.98622981274881
512,2669,18,18432,2,0.20995200000000003,0.09960588962506185,0.009921333248000005,0.13952,0.280384,47.44221992532561
512,512,4,65536,2,0.681392,0.09795408818421004,0.009595003391999998,0.612128,0.750656,14.37558529742563
32768,32768,2,16384,3,0.5828373333333333,0.09704382031501714,0.009417503061333333,0.520608,0.6946559999999999,16.65024094173221
24576,7164,2,32768,2,0.43217599999999995,0.09333809511662436,0.008712000000000015,0.3661759999999999,0.498176,21.59724165502645
28672,25956,3,24576,2,0.546576,0.08940092455897754,0.007992525311999992,0.48336,0.609792,16.35654045231057
6144,11277,16,16384,2,0.360448,0.08611994909427201,0.007416645632000001,0.299552,0.421344,23.892475217057534
131072,131072,2,16384,3,0.6645013333333333,0.08377316623676904,0.007017943381333342,0.5680639999999999,0.719264,12.606922216985087
2048,2086,2,32768,2,0.678768,0.0822054059536232,0.00675772876799999,0.6206400000000001,0.736896,12.11097251807867
0,0,6,24576,8,0.230956,0.07618516547015097,0.005804179437714284,0.148448,0.325632,32.986874312494194
8192,8192,2,16384,4,0.653008,0.07558943926237319,0.005713763328000006,0.566016,0.719328,11.575576294746405
122880,122880,1,8192,2,0.453616,0.07405953583435426,0.005484814848000003,0.401248,0.505984,16.326482270913676
28672,8358,1,16384,2,0.27190400000000003,0.07236247955950657,0.005236328448000007,0.220736,0.323072,26.61324567968596
256,612,10,20480,2,0.20198399999999994,0.07037126686368514,0.00495211519999999,0.152224,0.2517439999999999,34.84002041193616
28672,28672,3,24576,2,0.5927199999999999,0.07025812977869532,0.004936204799999995,0.54304,0.6424,11.853510893312494
6144,6144,12,24576,2,0.29665600000000003,0.06858370092084565,0.0047037240320000045,0.24816,0.345152,23.118932668722934
2048,2048,4,16384,2,0.22494399999999998,0.06799538807889842,0.004623372800000001,0.176864,0.273024,30.227695803698136
114688,114688,2,32768,6,0.7970933333333333,0.06772381119419277,0.004586514602666669,0.751968,0.885888,8.49634645700584
8192,8192,1,8192,2,0.41323200000000004,0.06496331420117052,0.0042202321920000035,0.367296,0.459168,15.720784979248878
0,0,4,16384,9,0.28509866666666667,0.0646311043383911,0.004177179647999998,0.11632,0.328032,22.669732226873982
131072,131072,4,16384,3,0.49947733333333333,0.06457779449108905,0.004170291541333332,0.425408,0.543968,12.929074087745052
32768,32768,0,0,6,0.23816533333333334,0.06380480847919434,0.004071053585066669,0.17296,0.330176,26.79013253499146
512,1974,40,20480,2,0.153264,0.06324363050932481,0.0039997568,0.108544,0.197984,41.264504689986104
0,0,4,32768,7,0.36976914285714285,0.06007441774840205,0.003608935667809523,0.32912,0.501888,16.246465907882644
6144,6144,6,24576,2,0.42691199999999996,0.059374342202671994,0.0035253125119999967,0.384928,0.468896,13.907864428445238
0,0,3,24576,7,0.37846857142857143,0.058990873663805385,0.0034799231756190477,0.306304,0.460032,15.586729811025283
28672,17101,32,16384,3,0.20532266666666668,0.05817858153421525,0.0033847473493333314,0.170272,0.27248,28.335196717628207
28672,8358,2,32768,2,0.37507199999999996,0.05751889400883852,0.0033084231679999998,0.3344,0.415744,15.335427329553553
6144,8577,5,20480,2,0.40470399999999995,0.05602548448697259,0.0031388549120000063,0.3650879999999999,0.44432,13.843570726538168
6144,6144,24,24576,2,0.238224,0.05188466717634411,0.002692018688,0.201536,0.274912,21.77978169897421
8192,8192,6,24576,2,0.414512,0.051794157508352215,0.0026826347519999984,0.377888,0.451136,12.495213044702446
1024,1024,6,6144,3,0.09083733333333333,0.05130040488469202,0.002631731541333333,0.0576,0.14992,56.47502292913744
6144,10266,36,18432,3,0.30804266666666663,0.05043535352640377,0.0025437248853333295,0.265248,0.3636479999999999,16.372846676011633
1024,1024,5,20480,5,0.44354559999999993,0.04964802526586533,0.0024649264128000017,0.4015039999999999,0.499328,11.193443302035213
122880,28140,11,22528,2,0.206528,0.04955404322555326,0.002455603200000001,0.171488,0.241568,23.993861946835008
2048,7764,3,24576,2,0.710384,0.04817377078867709,0.002320712191999998,0.67632,0.744448,6.781370467507111
512,1070,82,20992,3,0.09281066666666664,0.04786965056623382,0.0022915034453333304,0.037536,0.12064,51.57774664692574
1024,2728,39,19968,5,0.17517439999999998,0.047678353797084884,0.002273225420799999,0.089888,0.19696,27.217649251184667
2048,2048,3,12288,2,0.24550399999999994,0.04760808536372782,0.0022665297919999953,0.21184,0.2791679999999999,19.391979497008542
1024,1024,3,24576,2,0.482272,0.04620518550985373,0.002134919167999997,0.4496,0.514944,9.58073151671111
122880,122880,6,24576,2,0.5204639999999999,0.04595628392287619,0.002111980032000009,0.4879679999999999,0.55296,8.829867947455796
6144,5436,7,14336,2,0.278336,0.045933656505878113,0.0021099007999999986,0.245856,0.310816,16.502952003828167
256,612,11,22528,2,0.172416,0.045888401671882184,0.0021057454079999997,0.139968,0.204864,26.614932283121778
32768,32768,2,8192,2,0.36249599999999993,0.044485501818008,0.001978959871999993,0.33104,0.3939519999999999,12.271997982249736
512,512,6,6144,2,0.114672,0.044417619567014156,0.001972924927999999,0.083264,0.14608,38.734494495848736
28672,9527,9,18432,2,0.222192,0.04428185506502636,0.001960882688000001,0.19088,0.253504,19.929545188439192
6144,6144,2,16384,2,0.62976,0.04249428912218671,0.0018057646079999957,0.599712,0.659808,6.747695807202588
2048,2048,11,22528,2,0.309904,0.0424716617051888,0.0018038420480000004,0.279872,0.339936,13.704780090442206
24576,24576,6,24576,2,0.404624,0.04233589720320094,0.0017923281919999972,0.374688,0.43456,10.463021766563012
1024,1024,12,24576,4,0.19464800000000002,0.04233050808420172,0.0017918719146666668,0.1456,0.23472,21.74720935352765
512,512,6,24576,4,0.36540799999999996,0.042232783221884236,0.0017836079786666664,0.32272,0.403392,11.557706238048027
32768,32768,5,20480,2,0.417344,0.042132250450219226,0.0017751265279999982,0.387552,0.447136,10.095329138582056
122880,122880,2,32768,2,0.985808,0.04088774251533099,0.0016718074880000056,0.956896,1.01472,4.147637522842516
512,512,8,16384,4,0.19831999999999994,0.03798819634219726,0.001443103061333329,0.164512,0.2355519999999999,19.155000162889404
256,2721,2,32768,2,0.800512,0.037425747714641494,0.0014006865919999928,0.7740480000000001,0.8269759999999999,4.675226318901686
1024,1024,48,24576,3,0.12061866666666665,0.03738748225453718,0.001397823829333333,0.077472,0.143456,30.996431362371297
1024,1043,2,32768,2,0.740256,0.0372899832126537,0.0013905428479999945,0.7138880000000001,0.766624,5.037444236536584
6144,6144,3,49152,2,1.01,0.036814807455696485,0.0013553300480000057,0.983968,1.036032,3.6450304407971736
2048,2086,3,49152,2,0.621184,0.03652065103472279,0.0013337579519999984,0.59536,0.647008,5.87920020941357
8192,8192,1,4096,2,0.241664,0.03611335752875936,0.0013041745920000004,0.216128,0.2672,14.943623176731222
6144,6144,2,8192,2,0.323712,0.03326230298701518,0.0011063807999999987,0.300192,0.347232,10.275276473142764
28672,28672,5,20480,2,0.565472,0.03199516763512887,0.001023690751999998,0.542848,0.588096,5.6581347315995725
32768,32768,6,24576,2,0.397616,0.03179152088214718,0.0010107008,0.375136,0.420096,7.995533598786679
28672,28672,1,16384,4,0.518288,0.03122787404440674,0.0009751801173333321,0.47248,0.5427839999999999,6.025197195069449
8192,13688,29,14848,3,0.34922666666666663,0.029925566683579038,0.0008955395413333357,0.3234559999999999,0.382048,8.569095527740325
512,512,12,24576,3,0.17804799999999998,0.029391420789067004,0.000863855616,0.156032,0.211424,16.507582658923113
114688,17724,2,16384,2,0.407088,0.0286689373364274,0.000821907968000001,0.386816,0.42736,7.042442255577407
256,256,24,24576,2,0.08220799999999995,0.02855580025143746,0.0008154337279999956,0.062016,0.1023999999999999,34.736035685944735
8192,8192,2,8192,2,0.304944,0.028442663166447713,0.0008089850880000015,0.284832,0.325056,9.327175860853316
28672,8085,6,24576,2,0.22344,0.02830689866445988,0.0008012805120000005,0.203424,0.243456,12.668680026759398
8192,13688,30,15360,3,0.367072,0.02803249314634715,0.0007858206719999999,0.33472,0.38416,7.636783284671771
6144,6144,3,24576,2,0.574352,0.027944859992492358,0.0007809151999999999,0.554592,0.594112,4.8654588105598835
0,0,8,16384,7,0.12256914285714285,0.02774892514091654,0.00077000284647619,0.082848,0.151264,22.639405376783245
1024,1024,4,16384,3,0.39419733333333334,0.02718102553866088,0.0007388081493333351,0.377664,0.425568,6.8952839690524526
2048,2048,2,8192,2,0.261328,0.027130272980565435,0.0007360517119999989,0.242144,0.280512,10.381693875200416
122880,28140,10,20480,2,0.203072,0.026926626227583732,0.0007250432000000002,0.184032,0.222112,13.259644960567723
0,0,6,6144,4,0.060520000000000004,0.02641694324986649,0.0006978548906666666,0.037376,0.084064,43.64993920392688
28672,28672,2,16384,2,0.452528,0.024007689434845648,0.0005763691519999994,0.435552,0.469504,5.305238444812345
8192,8192,6,12288,2,0.25299199999999994,0.022717926665961324,0.0005161041919999966,0.236928,0.2690559999999999,8.97970159411429
1024,1024,6,24576,5,0.3490176,0.022087725025452518,0.00048786759680000135,0.3253439999999999,0.372704,6.328541889900101
28672,6475,16,16384,2,0.1432,0.021360281646083237,0.00045626163200000036,0.128096,0.158304,14.91639778712768
28672,28672,6,24576,2,0.363472,0.020975615557117744,0.00043997644799999985,0.34864,0.378304,5.770902724651924
0,0,9,18432,3,0.11137066666666667,0.020854705496202372,0.0004349187413333335,0.087648,0.126816,18.72549217999672
2048,2048,0,0,4,0.21599200000000002,0.02061540860618582,0.00042499507200000026,0.18928,0.232288,9.544524147487541
2048,6488,14,14336,2,0.40225599999999995,0.020387302715170596,0.0004156421120000023,0.3878399999999999,0.416672,5.068240799416878
122880,12615,5,20480,2,0.272848,0.020206283379186795,0.0004082938880000005,0.25856,0.287136,7.405692316520958
2048,2048,12,24576,2,0.26896,0.01973110762222939,0.0003893166079999988,0.255008,0.282912,7.336075109642072
122880,36945,2,32768,2,0.6850240000000001,0.019323814116265946,0.000373409791999999,0.6713600000000001,0.698688,2.820895926777025
122880,16890,18,18432,2,0.146752,0.01909753994628629,0.0003647160320000005,0.133248,0.160256,13.013478476118085
512,512,5,20480,4,0.394088,0.019044712021976034,0.0003627010559999985,0.376096,0.4122559999999999,4.832603889776758
256,256,12,6144,2,0.067328,0.019007030278294403,0.00036126720000000014,0.053888,0.080768,28.230498826734653
8192,8192,3,24576,2,0.5243519999999999,0.018554481938334998,0.0003442687999999996,0.511232,0.537472,3.5385546226192415
1024,1024,11,22528,4,0.25740799999999997,0.018487213599314174,0.00034177706666666696,0.240416,0.277472,7.182066443984689
32768,9552,0,0,2,0.11246400000000001,0.01816981584936953,0.0003301422080000001,0.099616,0.125312,16.156117364857565
6144,6144,6,6144,2,0.21176,0.016721661161499476,0.00027961395200000005,0.199936,0.223584,7.896515467322894
512,512,3,49152,2,0.859472,0.01667640632750357,0.00027810252800000116,0.84768,0.871264,1.940308273633494
512,512,23,23552,3,0.137728,0.016482236741413463,0.00027166412799999983,0.12368,0.155872,11.967237402304706
122880,122880,2,16384,2,0.589728,0.01642750474052593,0.000269862912000002,0.578112,0.601344,2.785607048968393
24576,24576,14,28672,2,0.355264,0.01620123057054615,0.0002624798719999991,0.343808,0.36672,4.560335571852429
114688,114688,8,32768,2,0.46231999999999995,0.0160428386515604,0.0002573726720000003,0.450976,0.473664,3.4700723845151256
28672,19257,60,15360,2,0.249216,0.01570342739659085,0.0002465976320000001,0.238112,0.26032,6.30113130388487
2048,2048,1,8192,2,0.28636799999999996,0.015658172562594927,0.00024517836800000057,0.275296,0.29744,5.467849954299042
1024,767,10,20480,5,0.1900928,0.015180679932071596,0.00023045304320000129,0.1646399999999999,0.200544,7.985931042146606
256,256,12,24576,2,0.16086399999999995,0.015024604886651832,0.00022573875200000213,0.1502399999999999,0.171488,9.339942359578211
1024,1024,3,6144,2,0.162368,0.01488884038466393,0.00022167756799999953,0.15184,0.172896,9.169812016834669
1024,2517,3,12288,2,0.28227199999999997,0.014798330716672088,0.00021899059200000063,0.271808,0.292736,5.242578332753341
256,256,11,22528,2,0.21654400000000001,0.014662566214684262,0.00021499084800000038,0.206176,0.226912,6.771171774749283
256,256,8,16384,2,0.17507199999999995,0.014572056546692304,0.00021234483199999803,0.164768,0.1853759999999999,8.323464939207208
8192,8192,5,20480,2,0.43420800000000004,0.014481546878700511,0.00020971520000000052,0.423968,0.444448,3.3351635334598497
28672,6475,17,17408,2,0.13603199999999993,0.01421001787472491,0.00020192460800000145,0.1259839999999999,0.14608,10.446084644994437
6144,6144,5,20480,3,0.4981333333333334,0.013808003089995803,0.00019066094933333367,0.483424,0.510816,2.771949227895581
2048,2048,6,6144,2,0.133024,0.013078647024826391,0.00017105100800000024,0.123776,0.142272,9.831795025705583
131072,131072,0,0,9,0.3342613333333333,0.012950860975240223,0.00016772480000000017,0.305184,0.350496,3.87447176202425
24576,24576,4,16384,2,0.31920000000000004,0.01289762768884263,0.0001663488000000001,0.31008,0.32832,4.040610176942988
512,6544,8,8192,2,0.571616,0.012671353518862886,0.00016056319999999886,0.562656,0.580576,2.2167597682090996
0,0,2,8192,2,0.324576,0.01253558901687511,0.0001571409919999999,0.315712,0.33344,3.862142922770928
256,256,5,20480,2,0.402768,0.011969903591925856,0.0001432785919999995,0.394304,0.411232,2.971910278113938
1024,1024,24,24576,4,0.14784,0.011951760818668802,0.00014284458666666676,0.136416,0.158368,8.084253795038249
114688,26264,12,24576,2,0.198,0.011788884255942106,0.00013897779199999964,0.189664,0.206336,5.953981944438446
1024,1024,1,16384,4,0.2014,0.01173143378563194,0.00013762653866666654,0.190688,0.211552,5.824942293846572
114688,15680,30,15360,2,0.133376,0.0115852375029604,0.00013421772800000016,0.125184,0.141568,8.686148553168675
256,256,46,23552,2,0.07368,0.011517355251966484,0.00013264947199999994,0.065536,0.081824,15.631589625861695
0,0,5,20480,4,0.164944,0.011491089649521195,0.00013204514133333315,0.153792,0.175424,6.966661195650968
2048,2048,23,23552,2,0.192672,0.011449473000972576,0.00013109043199999997,0.184576,0.200768,5.942468545004
114688,15764,18,18432,2,0.148304,0.011155316579998952,0.00012444108799999952,0.140416,0.156192,7.521925620669048
6144,1329,54,13824,2,0.10836799999999999,0.010974297244015217,0.00012043519999999998,0.100608,0.116128,10.126879922014192
131072,17920,25,12800,2,0.13872,0.010227592483082217,0.00010460364799999986,0.131488,0.145952,7.372831946157284
131072,30016,8,16384,2,0.21116799999999997,0.01018233764908637,0.00010368000000000174,0.2039679999999999,0.218368,4.821913189623644
6144,6144,4,65536,2,0.7041599999999999,0.010046573147098585,0.00010093363200000234,0.6970559999999999,0.711264,1.4267457886945922
122880,16800,28,14336,2,0.11086399999999999,0.009661907058132987,9.335244800000004e-05,0.104032,0.117696,8.715098724038361
2048,6488,13,13312,2,0.41408,0.009413005471155313,8.860467199999987e-05,0.407424,0.420736,2.273233546387674
122880,16890,17,17408,2,0.12812800000000002,0.009322495803163433,8.690892799999983e-05,0.121536,0.13472,7.275923916620494
512,512,3,24576,3,0.49011199999999994,0.00930198774456298,8.652697599999987e-05,0.483616,0.500768,1.897931032634388
8192,7088,1,8192,2,0.272256,0.009277240969167518,8.606720000000027e-05,0.265696,0.278816,3.4075432555242027
1024,1024,46,23552,2,0.139776,0.009096221633183767,8.274124800000036e-05,0.133344,0.146208,6.507713503517093
6144,6144,7,14336,2,0.26983999999999997,0.008756810378214228,7.668172800000042e-05,0.263648,0.276032,3.2451861751293514
2048,5034,3,12288,2,0.46176,0.008734182961216256,7.628595200000036e-05,0.455584,0.467936,1.8914983886271564
2048,7764,4,32768,2,0.7192160000000001,0.008711555544218303,7.589120000000066e-05,0.713056,0.725376,1.2112571943626178
8192,8192,1,16384,2,0.370608,0.008349516872250782,6.971443200000049e-05,0.364704,0.376512,2.2529240788104565
6144,6144,1,8192,3,0.34922666666666663,0.008146645280932095,6.636782933333316e-05,0.34416,0.358624,2.3327672415048473
2048,5456,34,17408,5,0.3723776,0.008135347859802954,6.61838848000005e-05,0.363008,0.381568,2.1847038752111434
0,0,14,7168,2,0.024656,0.00758018469431979,5.745920000000001e-05,0.019296,0.030016,30.743772970376448
8192,8192,10,20480,2,0.284416,0.007557557277321842,5.711667200000033e-05,0.279072,0.28976,2.6572194513194134
2048,1304,71,18176,2,0.140128,0.007467047609329951,5.5756800000000144e-05,0.134848,0.145408,5.328733446564011
0,0,24,24576,4,0.05596,0.00695632086666508,4.839040000000001e-05,0.049888,0.062592,12.430880725936738
512,512,11,22528,3,0.21640533333333334,0.006686570820183782,4.471022933333322e-05,0.211968,0.224096,3.0898364259786937
2048,1304,72,18432,2,0.14267200000000002,0.006494068678417261,4.217292800000011e-05,0.13808,0.147264,4.551747135994107
24576,5550,18,18432,2,0.14432,0.006471441261419278,4.187955199999994e-05,0.139744,0.148896,4.4840917800271525
512,512,48,24576,2,0.078704,0.006403559010425366,4.100556799999989e-05,0.074176,0.083232,8.136256101709076
2048,2048,5,5120,2,0.20052799999999998,0.006403559010425351,4.10055679999997e-05,0.196,0.205056,3.193349062092078
2048,2048,3,49152,2,0.744864,0.006380931593427388,4.0716287999999785e-05,0.740352,0.749376,0.8566572679805617
2048,1534,10,20480,5,0.3032384,0.005967909918891177,3.56159487999997e-05,0.296032,0.3112,1.9680587672679706
1024,2140,78,19968,3,0.19887999999999997,0.005940375745691504,3.528806399999989e-05,0.1936,0.205312,2.9869145930735064
24576,16506,70,17920,2,0.2719679999999999,0.005928383253468035,3.514572800000025e-05,0.2677759999999999,0.2761599999999999,2.179809114045854
6144,9003,2,32768,2,0.6315200000000001,0.005883128419472032,3.461119999999949e-05,0.62736,0.63568,0.9315822806150951
32768,29664,2,16384,2,0.577776,0.005815246168478173,3.3817088000000074e-05,0.573664,0.581888,1.0064880104870546
114688,34482,2,32768,2,0.672432,0.005679481666490378,3.2256512000000317e-05,0.668416,0.676448,0.8446179934395982
28672,8085,5,20480,2,0.29532800000000003,0.005611599415496459,3.1490048000000206e-05,0.29136,0.299296,1.9001244086562514
24576,22248,2,16384,2,0.5008,0.005611599415496459,3.1490048000000206e-05,0.496832,0.504768,1.1205270396118077
32768,9240,4,16384,2,0.320544,0.005521089747504589,3.048243200000029e-05,0.31664,0.324448,1.722412444401448
122880,122880,4,32768,2,0.590352,0.005407952662514786,2.924595200000076e-05,0.5865279999999999,0.594176,0.9160556179362025
2048,2048,24,24576,2,0.19995199999999996,0.005317442994522905,2.827520000000072e-05,0.1961919999999999,0.203712,2.6593597422699182
0,0,12,24576,4,0.137344,0.005249105574603486,2.7553109333333387e-05,0.129632,0.141344,3.821867406498732
24576,6930,6,24576,2,0.290736,0.005226933326531025,2.7320832000000686e-05,0.2870399999999999,0.294432,1.797828038059682
0,0,46,23552,3,0.018133333333333335,0.0051986295630034405,2.7025749333333345e-05,0.01232,0.022336,28.668912873168345
2048,2048,22,22528,2,0.23896,0.005181678492535021,2.684979200000001e-05,0.235296,0.242624,2.1684292309870234
32768,10888,8,16384,2,0.22134399999999993,0.005068541407545227,2.569011200000055e-05,0.2177599999999999,0.224928,2.2898932906495477
0,0,8,8192,2,0.034736,0.005000659156551268,2.5006592000000037e-05,0.0312,0.038272,14.396185922832455
24576,24576,2,16384,2,0.48961599999999994,0.004910149488559292,2.4109567999999075e-05,0.486144,0.4930879999999999,1.0028572366010169
114688,26586,78,19968,2,0.115952,0.004864894654563445,2.3667199999999982e-05,0.112512,0.119392,4.195610813412304
512,512,22,22528,2,0.157744,0.0048196398205675,2.3228927999999922e-05,0.154336,0.161152,3.055355397043402
131072,17920,24,12288,2,0.137664,0.004797012403569518,2.30113279999998e-05,0.134272,0.141056,3.4845801372072125
131072,13456,4,16384,2,0.277744,0.004638620484583759,2.1516800000000068e-05,0.274464,0.281024,1.6701064587943044
122880,122880,11,22528,2,0.38316799999999995,0.0045707382335897825,2.0891647999999447e-05,0.379936,0.3863999999999999,1.192880990165385
8192,11436,5,20480,2,0.37859200000000004,0.0044349737316020455,1.9668992000000172e-05,0.375456,0.381728,1.1714388392862518
0,0,44,22528,2,0.019552,0.0044349737316020255,1.9668992e-05,0.016416,0.022688,22.682967005518915
28672,28672,4,32768,2,0.605456,0.004412346314604073,1.9468800000000145e-05,0.602336,0.608576,0.7287641569123617
0,0,32,16384,4,0.028064,0.004133082142904976,1.7082367999999987e-05,0.022336,0.031936,14.72734509755427
0,0,94,24064,2,0.016544,0.004118189893630453,1.6959488e-05,0.013632,0.019456,24.892346885505958
6144,9003,3,49152,2,0.575008,0.0040276802256386385,1.6222208000000512e-05,0.57216,0.577856,0.7004563805961278
2048,1304,70,17920,2,0.158752,0.003982425391642625,1.585971199999991e-05,0.155936,0.161568,2.508582814159218
1024,3244,16,16384,2,0.149312,0.003891915723650764,1.5147008000000048e-05,0.14656,0.152064,2.606565929760634
0,0,21,21504,2,0.031744,0.003846660889654819,1.4796800000000002e-05,0.029024,0.034464,12.117757300708988
512,1224,10,20480,2,0.310944,0.003846660889654819,1.4796800000000002e-05,0.308224,0.313664,1.2370912088407326
256,358,52,13312,2,0.02404799999999995,0.0036430141366731628,1.327155200000051e-05,0.0214719999999999,0.026624,15.148927651048913
8192,11436,4,16384,2,0.458048,0.0036203867196751326,1.3107200000000068e-05,0.455488,0.460608,0.7903946134214619
512,512,24,24576,3,0.10719999999999996,0.0036049388344326005,1.2995584000000275e-05,0.1042879999999999,0.111232,3.362816073759128
32768,22008,48,12288,2,0.208672,0.0035751318856791876,1.2781568000000024e-05,0.206144,0.2112,1.7132781992629145
114688,15764,19,19456,2,0.14544,0.0035298770516832526,1.2460032000000051e-05,0.142944,0.147936,2.4270331746811187
0,0,11,22528,2,0.086096,0.00346199480068934,1.1985408000000023e-05,0.083648,0.088544,4.0210866900532585
0,0,7,14336,2,0.053024,0.0034393673836913647,1.1829247999999985e-05,0.050592,0.055456,6.486435156164999
2048,2086,4,65536,2,0.622784,0.0034393673836913526,1.18292479999999e-05,0.620352,0.625216,0.5522568632365469
256,256,47,24064,2,0.082064,0.0034167399666933996,1.1674112000000014e-05,0.079648,0.08448,4.163506485828004
512,3364,5,10240,2,0.178192,0.0034167399666933996,1.1674112000000014e-05,0.175776,0.180608,1.917448575006707
28672,25956,2,16384,2,0.631648,0.0033941125496953686,1.1519999999999595e-05,0.629248,0.634048,0.5373424041804971
32768,19544,27,13824,2,0.23318399999999995,0.003348857715699423,1.1214847999999559e-05,0.230816,0.2355519999999999,1.4361438667589885
512,512,7,14336,2,0.22916799999999998,0.0033262302987015196,1.1063808e-05,0.226816,0.23152,1.451437503163654
24576,14658,36,18432,3,0.24690133333333333,0.0033033445677575607,1.0912085333333386e-05,0.243136,0.249312,1.3379209102771037
0,0,34,17408,3,0.022794666666666668,0.0031630398880401985,1.000482133333335e-05,0.0192,0.025152,13.876227805468986
0,0,6,12288,2,0.103136,0.0031225835457197814,9.750527999999923e-06,0.100928,0.105344,3.0276368510434226
1024,652,74,18944,2,0.048832,0.003077328711723851,9.469951999999977e-06,0.046656,0.051008,6.301869072374636
8192,1772,50,12800,2,0.09056,0.003077328711723851,9.469951999999977e-06,0.088384,0.092736,3.3981103227978586
1024,1024,23,11776,2,0.14284799999999997,0.003077328711723841,9.469951999999916e-06,0.140672,0.145024,2.154267969848772
512,512,4,16384,3,0.33092266666666664,0.0030580237627155665,9.351509333333072e-06,0.327392,0.332736,0.9240901484913322
24576,24576,6,12288,2,0.25691200000000003,0.002964191626734008,8.786432000000005e-06,0.254816,0.259008,1.1537770230974929
0,0,47,24064,2,0.022047999999999998,0.0028057997077482215,7.872512000000004e-06,0.020064,0.024032,12.725869444041873
0,0,7,7168,2,0.033456,0.002737917456754312,7.496192000000002e-06,0.03152,0.035392,8.183636563159599
32768,19544,28,14336,2,0.24836799999999998,0.002692662622758367,7.25043199999997e-06,0.246464,0.250272,1.0841423297986155
1024,1024,6,12288,2,0.36449600000000004,0.0026926626227583377,7.25043199999981e-06,0.362592,0.3664,0.7387358495071555
8192,8192,4,4096,2,0.20583999999999997,0.002692662622758308,7.250431999999652e-06,0.203936,0.2077439999999999,1.308133803658266
512,512,10,20480,2,0.30934399999999995,0.002670035205760326,7.129087999999586e-06,0.307456,0.3112319999999999,0.8631281695772985
8192,1772,51,13056,2,0.08755199999999995,0.0026247803717644007,6.889471999999665e-06,0.085696,0.0894079999999999,2.9979673437116627
256,3272,12,12288,2,0.32792,0.0025568981207704632,6.537727999999527e-06,0.326112,0.3297279999999999,0.7797322883601887
0,0,20,20480,2,0.063584,0.002443761035780706,5.97196799999999e-06,0.061856,0.065312,3.8433584422769056
8192,8192,7,14336,2,0.2578079999999999,0.0023758787847868797,5.644800000000379e-06,0.2561279999999999,0.259488,0.9215690684017995
0,0,3,12288,2,0.162624,0.0023532513677888283,5.537791999999992e-06,0.16096,0.164288,1.4470504761546745
114688,114688,4,32768,2,0.59176,0.0023306239507908362,5.431807999999887e-06,0.590112,0.5934079999999999,0.39384614546386887
0,0,96,24576,3,0.011317333333333332,0.002281071093441267,5.203285333333336e-06,0.008928,0.013472,20.155552603255018
2048,6488,12,12288,2,0.42819199999999996,0.0022627416997970167,5.120000000000293e-06,0.4265919999999999,0.429792,0.5284409095145579
1024,1024,1,8192,2,0.22601599999999994,0.0022627416997968697,5.119999999999627e-06,0.224416,0.2276159999999999,1.001142263731651
6144,6144,1,4096,3,0.27898666666666666,0.002261911875678017,5.116245333333245e-06,0.276416,0.280672,0.8107598480933105
0,0,48,24576,4,0.021016,0.0022578148728361223,5.097727999999994e-06,0.018176,0.02288,10.743313961233385
0,0,13,6656,2,0.023456,0.0022174868658010128,4.917248e-06,0.021888,0.025024,9.453815042407902
2048,5034,4,16384,2,0.47652799999999995,0.0021948594488031188,4.817408000000331e-06,0.4749759999999999,0.47808,0.46059401511401743
6144,11277,17,17408,2,0.297136,0.0021948594488030403,4.8174079999999865e-06,0.295584,0.298688,0.7386716682140059
1024,1024,49,25088,2,0.06064,0.0021722320318050777,4.718592000000016e-06,0.059104,0.062176,3.5821768275443615
0,0,97,24832,2,0.010863999999999999,0.002149604614807105,4.620800000000001e-06,0.009344,0.012384,19.78649295858443
6144,5436,8,16384,2,0.269472,0.0021269771978091427,4.5240320000000324e-06,0.267968,0.270976,0.7893128774120612
0,0,45,23040,2,0.022671999999999998,0.002059094946815226,4.239871999999999e-06,0.021216,0.024128,9.082105406374033
28672,19257,59,15104,2,0.25729599999999997,0.0019685852788233742,3.8753280000001015e-06,0.2559039999999999,0.258688,0.7651052787677496
0,0,86,22016,4,0.00976,0.001859490969772821,3.4577066666666664e-06,0.008128,0.012416,19.052161380334628
0,0,10,20480,2,0.167024,0.0018328207768355488,3.3592320000000644e-06,0.165728,0.16832,1.0973397689782358
122880,122880,7,28672,2,0.44571199999999994,0.0017875659428396528,3.1953920000002166e-06,0.4444479999999999,0.446976,0.40105851815490595
256,386,4,16384,2,0.363136,0.0017649385258416018,3.1150079999999264e-06,0.361888,0.364384,0.4860268674423838
6144,6144,4,32768,2,0.6029599999999999,0.0016065466068558726,2.5809920000001175e-06,0.6018239999999999,0.604096,0.26644331408209987
512,512,47,24064,2,0.092656,0.0016065466068558333,2.5809919999999917e-06,0.09152,0.093792,1.7338829704735264
32768,7400,14,14336,2,0.13300799999999996,0.0016065466068557843,2.5809919999998337e-06,0.131872,0.1341439999999999,1.2078571256224646
24576,24576,4,32768,2,0.601184,0.0014481546878700846,2.097152000000102e-06,0.60016,0.6022080000000001,0.24088377063082195
256,256,4,4096,2,0.12055999999999994,0.0014255272708721513,2.0321280000002036e-06,0.1195519999999999,0.121568,1.1824214247592324
0,0,56,14336,2,0.011872,0.0013576450198781718,1.8432000000000013e-06,0.010912,0.012832,11.435689087285063
122880,36945,1,16384,2,0.40105599999999997,0.0013576450198781356,1.843199999999903e-06,0.400096,0.402016,0.33851756850405385
131072,20256,1,8192,2,0.23604799999999995,0.0012897627688843356,1.6634880000001884e-06,0.2351359999999999,0.23696,0.5463985156993227
6144,8577,6,24576,2,0.368608,0.0012671353518863043,1.6056320000000283e-06,0.367712,0.369504,0.34376230346127645
6144,6144,8,16384,2,0.251904,0.0012218805178903789,1.4929920000000605e-06,0.25104,0.252768,0.4850580051945665
24576,8166,10,20480,2,0.207456,0.0012218805178903593,1.4929920000000126e-06,0.206592,0.20832,0.5889829734022521
2048,2048,2,4096,2,0.256544,0.0012218805178902611,1.492991999999773e-06,0.25568,0.2574079999999999,0.47628497155029004
256,256,6,24576,2,0.317584,0.0011992531008923476,1.4382079999999111e-06,0.316736,0.318432,0.3776176068425141
8192,12004,0,0,2,0.31252800000000003,0.0011539982668964809,1.3317120000000817e-06,0.311712,0.313344,0.36924636081478596
0,0,16,16384,2,0.057263999999999995,0.001153998266896449,1.331712000000008e-06,0.056448,0.05808,2.0152246872052677
8192,15036,12,12288,2,0.37624,0.0011087434329005164,1.2293120000000217e-06,0.375456,0.377024,0.29469047220014505
122880,28485,71,18176,2,0.100848,0.0011087434329005016,1.2293119999999891e-06,0.100064,0.101632,1.0994203472563475
8192,7248,6,12288,2,0.272896,0.0010861160159025439,1.1796480000000148e-06,0.272128,0.273664,0.39799631196666396
8192,8192,0,0,2,0.2464,0.0009956063479106634,9.91232000000009e-07,0.245696,0.247104,0.4040610176569003
2048,2048,10,20480,2,0.375888,0.0009729789309127204,9.466880000000603e-07,0.3752,0.376576,0.25884809588331426
1024,652,75,19200,2,0.08904000000000001,0.0009729789309126959,9.466880000000126e-07,0.088352,0.089728,1.0927436318732617
8192,7088,0,0,2,0.22208,0.0009503515139147283,9.031680000000159e-07,0.221408,0.222752,0.42793205758591324
1024,1043,3,49152,2,0.7490559999999999,0.0009503515139146105,9.031679999997921e-07,0.748384,0.749728,0.12687322627249997
122880,122880,3,24576,2,0.624016,0.0009277240969167361,8.606719999999736e-07,0.62336,0.624672,0.14866992140715402
256,256,3,12288,2,0.2208,0.0009050966799187831,8.192000000000043e-07,0.22016,0.22144,0.4099169744152474
114688,11774,6,24576,2,0.251904,0.0009050966799187636,8.191999999999688e-07,0.251264,0.252544,0.35930222607003515
256,1259,30,15360,2,0.191072,0.0008598418459228381,7.393279999999937e-07,0.190464,0.19168,0.4500093396587824
256,256,1,8192,2,0.298384,0.0008372144289249049,7.009280000000546e-07,0.297792,0.298976,0.28058288267612275
0,0,33,16896,3,0.019029333333333332,0.0008210562303115001,6.741333333333311e-07,0.018336,0.019936,4.314687286278095
1024,2517,4,16384,2,0.187536,0.0007919595949289402,6.27200000000011e-07,0.186976,0.188096,0.42229736930863554
122880,18990,2,16384,2,0.38648,0.0007919595949289402,6.27200000000011e-07,0.38592,0.38704,0.20491606156179468
0,0,95,24320,2,0.009872,0.0007919595949289328,6.271999999999994e-07,0.009312,0.010432,8.02228106672054
256,256,23,23552,2,0.119648,0.0007693321779309529,5.918719999999835e-07,0.119104,0.120192,0.642996270132352
122880,16800,27,13824,2,0.10724799999999995,0.0006561950929411835,4.3059200000008856e-07,0.1067839999999999,0.107712,0.6118483256837756
28672,28672,4,16384,2,0.304944,0.0006561950929411443,4.3059200000003705e-07,0.30448,0.305408,0.21518544149940938
8192,8192,5,5120,2,0.175648,0.0006335676759431522,4.014080000000071e-07,0.1752,0.176096,0.3607030399335313
6144,6144,7,7168,2,0.222688,0.0006335676759431522,4.014080000000071e-07,0.22224,0.223136,0.2845091229247391
2048,2048,4,8192,2,0.18075199999999997,0.0006109402589452483,3.7324800000008707e-07,0.1803199999999999,0.181184,0.33799916936313246
122880,18990,1,8192,2,0.271888,0.0006109402589452189,3.732480000000511e-07,0.271456,0.27232,0.22470291396476338
512,674,3,49152,2,0.435808,0.0005883128419472267,3.461120000000226e-07,0.435392,0.436224,0.13499358474654738
1024,1024,23,23552,2,0.174432,0.0005883128419472071,3.461119999999995e-07,0.174016,0.174848,0.33727345992130664
28672,9527,10,20480,2,0.19595200000000002,0.0005656854249492444,3.200000000000072e-07,0.195552,0.196352,0.2886857111234173
1024,3882,3,24576,2,0.596752,0.0005204305909533092,2.708480000000106e-07,0.596384,0.59712,0.08721053148813891
122880,28485,70,17920,2,0.10116800000000001,0.0005204305909532944,2.708479999999953e-07,0.1008,0.101536,0.5144221398454771
512,1649,4,16384,2,0.37606399999999995,0.0004978031739553366,2.4780800000000714e-07,0.375712,0.376416,0.1323719297308343
2048,2048,3,6144,2,0.18668799999999997,0.000497803173955268,2.478079999999388e-07,0.186336,0.1870399999999999,0.26664979735634764
6144,1329,53,13568,2,0.100144,0.00047517575695736413,2.2579200000000398e-07,0.099808,0.10048,0.474492487301158
8192,15036,13,13312,2,0.381216,0.00045254833995937195,2.047999999999833e-07,0.380896,0.381536,0.11871179064904414
2048,2048,1,16384,2,0.23668799999999995,0.0004299209229613406,1.8483199999993094e-07,0.236384,0.2369919999999999,0.18164035472001128
114688,114688,2,16384,2,0.593712,0.00038466608896555257,1.479680000000544e-07,0.59344,0.5939840000000001,0.06479001416524552
2048,2048,3,24576,2,0.47936,0.00036203867196754077,1.310720000000206e-07,0.479104,0.479616,0.07552542387600453
122880,12615,6,24576,2,0.20335999999999999,0.00036203867196751133,1.3107199999999926e-07,0.203104,0.203616,0.1780284578036403
131072,30384,62,15872,2,0.10065599999999994,0.0003394112549696222,1.1520000000005389e-07,0.1004159999999999,0.100896,0.33719922769871963
8192,7248,7,14336,2,0.254608,0.0003394112549695682,1.1520000000001726e-07,0.254368,0.254848,0.1333073803008
1024,3882,4,32768,2,0.398,0.0003394112549695486,1.1520000000000393e-07,0.39776,0.39824,0.08527920976991692
0,0,15,15360,2,0.034544000000000005,0.00033941125496954615,1.1520000000000228e-07,0.034304,0.034784,0.9825476319679205
0,0,4,4096,2,0.033184000000000005,0.0003167838379715687,1.0035199999999711e-07,0.03296,0.033408,0.9546282455910693
0,0,55,14080,2,0.010416,0.00029415642097360353,8.652799999999987e-08,0.010208,0.010624,2.824082355506156
2048,2048,4,4096,2,0.20932800000000001,0.0002489015869776487,6.195199999999202e-08,0.209152,0.209504,0.11890506136720536
1024,3244,17,17408,2,0.225696,0.0002262741699797154,5.120000000000915e-08,0.225536,0.225856,0.10025617196559053
6144,5316,2,16384,2,0.48142399999999996,0.00020364675298171345,4.147199999999502e-08,0.48128,0.481568,0.0423009141503981
1024,1024,4,32768,2,0.388784,0.00015839191898578804,2.5088000000000443e-08,0.388672,0.388896,0.04074033883725866
0,0,5,5120,2,0.05056,0.00013576450198781552,1.8431999999999562e-08,0.050464,0.050656,0.26852156194480603
2048,2048,4,32768,2,0.45392,0.0001357645019877959,1.8431999999994235e-08,0.453824,0.454016,0.029909345690405036
114688,114688,4,16384,2,0.42532800000000004,0.00011313708498986263,1.2800000000003399e-08,0.425248,0.425408,0.02659996166799803
131072,39408,0,0,2,0.10689599999999999,0.0001131370849898577,1.2800000000002287e-08,0.106816,0.106976,0.1058384643803503
1024,1024,4,8192,2,0.111888,0.00011313708498984299,1.2799999999998957e-08,0.111808,0.111968,0.10111637073567015
0,0,22,22528,2,0.044864,9.050966799188029e-05,8.192000000000399e-09,0.0448,0.044928,0.20174230516703365
0,0,12,6144,2,0.024512,9.05096679918766e-05,8.191999999999732e-09,0.024448,0.024576,0.3692463594265268
2048,5034,2,8192,2,0.5390079999999999,9.050966799185085e-05,8.19199999999507e-09,0.538944,0.539072,0.016791896961651582
512,512,1,8192,2,0.315296,9.050966799183121e-05,8.191999999991516e-09,0.315232,0.31536,0.02870625315992748
6144,6144,1,16384,2,0.306672,6.788225099389795e-05,4.607999999998559e-09,0.306624,0.30672,0.022135131662415486
256,256,2,8192,2,0.322768,6.788225099389795e-05,4.607999999998559e-09,0.32272,0.322816,0.021031282832519538
1024,1024,2,8192,2,0.214064,6.788225099389795e-05,4.607999999998559e-09,0.214016,0.214112,0.031711194298054204
6144,5316,1,8192,2,0.4256479999999999,6.788225099387832e-05,4.6079999999958945e-09,0.4256,0.4256959999999999,0.01594797837131394
1024,1024,25,25600,2,0.07692799999999994,4.5254833996008834e-05,2.0480000000063167e-09,0.0768959999999999,0.07696,0.05882751915710971
0,0,54,13824,2,0.010912000000000002,4.52548339959383e-05,2.047999999999933e-09,0.01088,0.010944,0.4147253810595025
6144,6144,11,22528,2,0.424384,4.5254833995925425e-05,2.0479999999987675e-09,0.424352,0.424416,0.010663652254859225
2048,7764,2,16384,2,0.8646719999999999,4.5254833995866546e-05,2.0479999999934383e-09,0.86464,0.8647039999999999,0.005233757308046611
1024,1024,25,12800,2,0.046864,2.262741699797007e-05,5.120000000000249e-10,0.046848,0.04688,0.0482831532726334
1024,1348,2,32768,2,0.7305440000000001,2.2627416997874394e-05,5.11999999995695e-10,0.7305280000000001,0.73056,0.0030973380104110165
0,0,58,14848,2,0.012544,0.0,0.0,0.012544,0.012544,0.0
1024,1024,5,5120,2,0.147232,0.0,0.0,0.147232,0.147232,0.0
512,674,2,32768,2,0.673856,0.0,0.0,0.673856,0.673856,0.0
512,512,1,16384,2,0.209568,0.0,0.0,0.209568,0.209568,0.0
0,0,7,57344,1,0.255328,,,0.255328,0.255328,
0,0,9,73728,1,0.22096,,,0.22096,0.22096,
0,0,14,14336,1,0.058784,,,0.058784,0.058784,
0,0,28,7168,1,0.010624,,,0.010624,0.010624,
0,0,29,7424,1,0.01616,,,0.01616,0.01616,
0,0,30,7680,1,0.0152,,,0.0152,0.0152,
0,0,59,15104,1,0.008512,,,0.008512,0.008512,
0,0,60,15360,1,0.00928,,,0.00928,0.00928,
256,256,3,24576,1,0.47456,,,0.47456,0.47456,
256,256,4,65536,1,0.720608,,,0.720608,0.720608,
256,256,5,5120,1,0.1220159999999999,,,0.1220159999999999,0.1220159999999999,
256,256,13,6656,1,0.077024,,,0.077024,0.077024,
256,256,57,14592,1,0.062496,,,0.062496,0.062496,
256,256,58,14848,1,0.063904,,,0.063904,0.063904,
256,256,59,15104,1,0.055136,,,0.055136,0.055136,
256,256,93,23808,1,0.073344,,,0.073344,0.073344,
256,256,94,24064,1,0.07008,,,0.07008,0.07008,
256,256,95,24320,1,0.053344,,,0.053344,0.053344,
256,358,53,13568,1,0.097696,,,0.097696,0.097696,
256,386,5,20480,1,0.325664,,,0.325664,0.325664,
256,1151,2,16384,1,0.4974079999999999,,,0.4974079999999999,0.4974079999999999,
256,1151,3,24576,1,0.455072,,,0.455072,0.455072,
256,1151,4,32768,1,0.2662719999999999,,,0.2662719999999999,0.2662719999999999,
256,1151,5,40960,1,0.276032,,,0.276032,0.276032,
256,1259,31,15872,1,0.085952,,,0.085952,0.085952,
256,2721,3,49152,1,0.676736,,,0.676736,0.676736,
256,3272,11,11264,1,0.301056,,,0.301056,0.301056,
512,512,2,8192,1,0.382528,,,0.382528,0.382528,
512,512,4,4096,1,0.160864,,,0.160864,0.160864,
512,512,4,32768,1,0.3880639999999999,,,0.3880639999999999,0.3880639999999999,
512,512,5,40960,1,0.310912,,,0.310912,0.310912,
512,512,7,7168,1,0.0990399999999999,,,0.0990399999999999,0.0990399999999999,
512,512,12,6144,1,0.1003199999999999,,,0.1003199999999999,0.1003199999999999,
512,512,26,6656,1,0.052512,,,0.052512,0.052512,
512,512,27,6912,1,0.083744,,,0.083744,0.083744,
512,512,28,7168,1,0.065056,,,0.065056,0.065056,
512,512,29,7424,1,0.055808,,,0.055808,0.055808,
512,512,31,15872,1,0.093344,,,0.093344,0.093344,
512,512,32,16384,1,0.0925759999999999,,,0.0925759999999999,0.0925759999999999,
512,512,33,16896,1,0.0818879999999999,,,0.0818879999999999,0.0818879999999999,
512,512,46,23552,1,0.111936,,,0.111936,0.111936,
512,512,56,14336,1,0.070752,,,0.070752,0.070752,
512,512,57,14592,1,0.089568,,,0.089568,0.089568,
512,512,58,14848,1,0.073248,,,0.073248,0.073248,
512,512,92,23552,1,0.061088,,,0.061088,0.061088,
512,512,93,23808,1,0.08704,,,0.08704,0.08704,
512,512,94,24064,1,0.06928,,,0.06928,0.06928,
512,512,95,24320,1,0.063744,,,0.063744,0.063744,
512,512,96,24576,1,0.0387519999999999,,,0.0387519999999999,0.0387519999999999,
512,716,50,12800,1,0.150144,,,0.150144,0.150144,
512,772,4,16384,1,0.470368,,,0.470368,0.470368,
512,1137,2,16384,1,0.58448,,,0.58448,0.58448,
512,1137,3,24576,1,0.4516799999999999,,,0.4516799999999999,0.4516799999999999,
512,1137,4,32768,1,0.554208,,,0.554208,0.554208,
512,1649,5,20480,1,0.335008,,,0.335008,0.335008,
512,1974,41,20992,1,0.197952,,,0.197952,0.197952,
512,2302,2,16384,1,0.436864,,,0.436864,0.436864,
512,2518,28,14336,1,0.30928,,,0.30928,0.30928,
512,2669,19,19456,1,0.272992,,,0.272992,0.272992,
512,3364,6,12288,1,0.20432,,,0.20432,0.20432,
512,5442,2,32768,1,0.983776,,,0.983776,0.983776,
1024,1024,3,49152,1,0.924064,,,0.924064,0.924064,
1024,1024,4,65536,1,0.769984,,,0.769984,0.769984,
1024,1024,7,14336,1,0.25872,,,0.25872,0.25872,
1024,1024,8,16384,1,0.20976,,,0.20976,0.20976,
1024,1024,24,12288,1,0.062912,,,0.062912,0.062912,
1024,1024,25,6400,1,0.111072,,,0.111072,0.111072,
1024,1024,26,6656,1,0.103712,,,0.103712,0.103712,
1024,1024,27,6912,1,0.08976,,,0.08976,0.08976,
1024,1024,30,15360,1,0.1849599999999999,,,0.1849599999999999,0.1849599999999999,
1024,1024,31,15872,1,0.123168,,,0.123168,0.123168,
1024,1024,32,16384,1,0.120288,,,0.120288,0.120288,
1024,1024,47,24064,1,0.113152,,,0.113152,0.113152,
1024,1024,50,25600,1,0.045792,,,0.045792,0.045792,
1024,1024,56,14336,1,0.097888,,,0.097888,0.097888,
1024,1024,58,14848,1,0.064864,,,0.064864,0.064864,
1024,1024,59,15104,1,0.02928,,,0.02928,0.02928,
1024,1024,92,23552,1,0.092,,,0.092,0.092,
1024,1024,93,23808,1,0.088544,,,0.088544,0.088544,
1024,1024,94,24064,1,0.083808,,,0.083808,0.083808,
1024,1024,95,24320,1,0.097344,,,0.097344,0.097344,
1024,1024,96,24576,1,0.093696,,,0.093696,0.093696,
1024,1024,97,24832,1,0.058464,,,0.058464,0.058464,
1024,1024,99,25344,1,0.018624,,,0.018624,0.018624,
1024,3298,4,16384,1,0.555808,,,0.555808,0.555808,
1024,3948,36,18432,1,0.336608,,,0.336608,0.336608,
1024,5338,16,16384,1,0.467584,,,0.467584,0.467584,
1024,6728,4,8192,1,0.518432,,,0.518432,0.518432,
2048,2048,20,10240,1,0.1962559999999999,,,0.1962559999999999,0.1962559999999999,
2048,2048,21,10752,1,0.2072959999999999,,,0.2072959999999999,0.2072959999999999,
2048,2048,22,11264,1,0.12864,,,0.12864,0.12864,
2048,2048,23,11776,1,0.14384,,,0.14384,0.14384,
2048,2048,24,12288,1,0.09504,,,0.09504,0.09504,
2048,2048,46,23552,1,0.18864,,,0.18864,0.18864,
2048,2048,47,24064,1,0.141504,,,0.141504,0.141504,
2048,2048,48,24576,1,0.135328,,,0.135328,0.135328,
2048,2048,49,25088,1,0.104352,,,0.104352,0.104352,
2048,2048,50,25600,1,0.090176,,,0.090176,0.090176,
2048,2048,52,13312,1,0.1510399999999999,,,0.1510399999999999,0.1510399999999999,
2048,2048,53,13568,1,0.151968,,,0.151968,0.151968,
2048,2048,54,13824,1,0.13008,,,0.13008,0.13008,
2048,2048,55,14080,1,0.126304,,,0.126304,0.126304,
2048,2048,56,14336,1,0.125728,,,0.125728,0.125728,
2048,2048,57,14592,1,0.089664,,,0.089664,0.089664,
2048,2048,58,14848,1,0.071744,,,0.071744,0.071744,
2048,2048,91,23296,1,0.13456,,,0.13456,0.13456,
2048,2048,92,23552,1,0.138112,,,0.138112,0.138112,
2048,2048,93,23808,1,0.1392,,,0.1392,0.1392,
2048,2048,94,24064,1,0.109536,,,0.109536,0.109536,
2048,2048,95,24320,1,0.08848,,,0.08848,0.08848,
2048,2048,96,24576,1,0.108288,,,0.108288,0.108288,
4096,886,56,14336,1,0.125376,,,0.125376,0.125376,
4096,3544,2,16384,1,0.581472,,,0.581472,0.581472,
4096,3624,8,16384,1,0.33776,,,0.33776,0.33776,
4096,4096,2,8192,1,0.360736,,,0.360736,0.360736,
4096,4096,2,16384,1,0.6656960000000001,,,0.6656960000000001,0.6656960000000001,
4096,4096,2,32768,1,0.576032,,,0.576032,0.576032,
4096,4096,3,49152,1,0.506976,,,0.506976,0.506976,
4096,4096,4,32768,1,0.62608,,,0.62608,0.62608,
4096,4096,6,24576,1,0.484416,,,0.484416,0.484416,
4096,4096,8,8192,1,0.21856,,,0.21856,0.21856,
4096,4096,8,16384,1,0.292672,,,0.292672,0.292672,
4096,4096,12,24576,1,0.370144,,,0.370144,0.370144,
4096,4096,26,26624,1,0.25088,,,0.25088,0.25088,
4096,4096,32,16384,1,0.189504,,,0.189504,0.189504,
4096,4096,52,26624,1,0.208096,,,0.208096,0.208096,
4096,4096,58,14848,1,0.1792,,,0.1792,0.1792,
4096,4096,103,26368,1,0.18304,,,0.18304,0.18304,
4096,5718,6,24576,1,0.521536,,,0.521536,0.521536,
4096,6002,3,49152,1,0.717504,,,0.717504,0.717504,
4096,6844,42,21504,1,0.415808,,,0.415808,0.415808,
4096,7518,20,20480,1,0.4290879999999999,,,0.4290879999999999,0.4290879999999999,
6144,6144,13,26624,1,0.308608,,,0.308608,0.308608,
6144,6144,25,25600,1,0.1664,,,0.1664,0.1664,
6144,6144,26,26624,1,0.210432,,,0.210432,0.210432,
6144,6144,28,14336,1,0.213824,,,0.213824,0.213824,
6144,6144,29,14848,1,0.120768,,,0.120768,0.120768,
6144,6144,30,15360,1,0.1836799999999999,,,0.1836799999999999,0.1836799999999999,
6144,6144,32,16384,1,0.178304,,,0.178304,0.178304,
6144,6144,48,24576,1,0.156192,,,0.156192,0.156192,
6144,6144,49,25088,1,0.163456,,,0.163456,0.163456,
6144,6144,50,12800,1,0.201984,,,0.201984,0.201984,
6144,6144,51,13056,1,0.207776,,,0.207776,0.207776,
6144,6144,51,26112,1,0.1801279999999999,,,0.1801279999999999,0.1801279999999999,
6144,6144,52,13312,1,0.16912,,,0.16912,0.16912,
6144,6144,53,13568,1,0.190848,,,0.190848,0.190848,
6144,6144,57,14592,1,0.175072,,,0.175072,0.175072,
6144,6144,95,24320,1,0.206816,,,0.206816,0.206816,
6144,6144,96,24576,1,0.211648,,,0.211648,0.211648,
6144,6144,97,24832,1,0.142208,,,0.142208,0.142208,
6144,6144,99,25344,1,0.161536,,,0.161536,0.161536,
6144,6144,101,25856,1,0.17104,,,0.17104,0.17104,
6144,6144,102,26112,1,0.16752,,,0.16752,0.16752,
6144,9003,1,16384,1,0.484896,,,0.484896,0.484896,
8192,1772,52,13312,1,0.092608,,,0.092608,0.092608,
8192,7088,2,16384,1,0.53408,,,0.53408,0.53408,
8192,7248,8,16384,1,0.237696,,,0.237696,0.237696,
8192,8192,3,49152,1,0.749312,,,0.749312,0.749312,
8192,8192,4,32768,1,0.577216,,,0.577216,0.577216,
8192,8192,4,65536,1,0.372416,,,0.372416,0.372416,
8192,8192,6,6144,1,0.195808,,,0.195808,0.195808,
8192,8192,8,16384,1,0.2290559999999999,,,0.2290559999999999,0.2290559999999999,
8192,8192,11,22528,1,0.314048,,,0.314048,0.314048,
8192,8192,12,24576,1,0.22464,,,0.22464,0.22464,
8192,8192,22,22528,1,0.265792,,,0.265792,0.265792,
8192,8192,23,23552,1,0.192384,,,0.192384,0.192384,
8192,8192,24,12288,1,0.18992,,,0.18992,0.18992,
8192,8192,24,24576,1,0.126208,,,0.126208,0.126208,
8192,8192,25,12800,1,0.205952,,,0.205952,0.205952,
8192,8192,25,25600,1,0.134336,,,0.134336,0.134336,
8192,8192,26,13312,1,0.248224,,,0.248224,0.248224,
8192,8192,26,26624,1,0.2083519999999999,,,0.2083519999999999,0.2083519999999999,
8192,8192,27,13824,1,0.108288,,,0.108288,0.108288,
8192,8192,28,14336,1,0.111584,,,0.111584,0.111584,
8192,8192,43,11008,1,0.168992,,,0.168992,0.168992,
8192,8192,44,11264,1,0.176096,,,0.176096,0.176096,
8192,8192,44,22528,1,0.25472,,,0.25472,0.25472,
8192,8192,45,11520,1,0.183808,,,0.183808,0.183808,
8192,8192,45,23040,1,0.206304,,,0.206304,0.206304,
8192,8192,46,11776,1,0.20528,,,0.20528,0.20528,
8192,8192,46,23552,1,0.13344,,,0.13344,0.13344,
8192,8192,47,24064,1,0.222432,,,0.222432,0.222432,
8192,8192,48,24576,1,0.126144,,,0.126144,0.126144,
8192,8192,49,25088,1,0.199808,,,0.199808,0.199808,
8192,8192,88,22528,1,0.146496,,,0.146496,0.146496,
8192,8192,89,22784,1,0.15952,,,0.15952,0.15952,
8192,8192,90,23040,1,0.182048,,,0.182048,0.182048,
8192,11436,6,24576,1,0.419104,,,0.419104,0.419104,
8192,12004,1,16384,1,0.372832,,,0.372832,0.372832,
8192,12004,2,32768,1,0.432288,,,0.432288,0.432288,
8192,15036,14,14336,1,0.361152,,,0.361152,0.361152,
24576,24576,14,14336,1,0.240224,,,0.240224,0.240224,
24576,24576,15,15360,1,0.253312,,,0.253312,0.253312,
24576,24576,28,28672,1,0.2764479999999999,,,0.2764479999999999,0.2764479999999999,
24576,24576,34,17408,1,0.242176,,,0.242176,0.242176,
24576,24576,54,27648,1,0.315744,,,0.315744,0.315744,
24576,24576,55,28160,1,0.2813759999999999,,,0.2813759999999999,0.2813759999999999,
24576,24576,76,19456,1,0.238176,,,0.238176,0.238176,
24576,24576,77,19712,1,0.244416,,,0.244416,0.244416,
24576,24576,108,27648,1,0.239328,,,0.239328,0.239328,
24576,24576,109,27904,1,0.252768,,,0.252768,0.252768,
28672,28672,4,8192,1,0.420352,,,0.420352,0.420352,
28672,28672,5,10240,1,0.20912,,,0.20912,0.20912,
28672,28672,6,12288,1,0.247968,,,0.247968,0.247968,
28672,28672,11,11264,1,0.18544,,,0.18544,0.18544,
28672,28672,12,12288,1,0.374944,,,0.374944,0.374944,
28672,28672,12,24576,1,0.436704,,,0.436704,0.436704,
28672,28672,13,13312,1,0.220448,,,0.220448,0.220448,
28672,28672,13,26624,1,0.299904,,,0.299904,0.299904,
28672,28672,14,14336,1,0.2250879999999999,,,0.2250879999999999,0.2250879999999999,
28672,28672,14,28672,1,0.365056,,,0.365056,0.365056,
28672,28672,15,15360,1,0.247584,,,0.247584,0.247584,
28672,28672,24,24576,1,0.388192,,,0.388192,0.388192,
28672,28672,25,25600,1,0.2133759999999999,,,0.2133759999999999,0.2133759999999999,
28672,28672,26,13312,1,0.337152,,,0.337152,0.337152,
28672,28672,27,13824,1,0.210624,,,0.210624,0.210624,
28672,28672,27,27648,1,0.277152,,,0.277152,0.277152,
28672,28672,29,14848,1,0.205216,,,0.205216,0.205216,
28672,28672,33,16896,1,0.2386879999999999,,,0.2386879999999999,0.2386879999999999,
28672,28672,48,24576,1,0.3393279999999999,,,0.3393279999999999,0.3393279999999999,
28672,28672,49,25088,1,0.277952,,,0.277952,0.277952,
28672,28672,50,25600,1,0.3428159999999999,,,0.3428159999999999,0.3428159999999999,
28672,28672,51,26112,1,0.280352,,,0.280352,0.280352,
28672,28672,53,27136,1,0.279968,,,0.279968,0.279968,
28672,28672,54,27648,1,0.276928,,,0.276928,0.276928,
28672,28672,62,15872,1,0.201472,,,0.201472,0.201472,
28672,28672,63,16128,1,0.249472,,,0.249472,0.249472,
28672,28672,65,16640,1,0.174336,,,0.174336,0.174336,
28672,28672,67,17152,1,0.211456,,,0.211456,0.211456,
28672,28672,68,17408,1,0.215936,,,0.215936,0.215936,
28672,28672,69,17664,1,0.2162879999999999,,,0.2162879999999999,0.2162879999999999,
28672,28672,74,18944,1,0.25584,,,0.25584,0.25584,
28672,28672,75,19200,1,0.233184,,,0.233184,0.233184,
28672,28672,95,24320,1,0.288096,,,0.288096,0.288096,
28672,28672,96,24576,1,0.200096,,,0.200096,0.200096,
28672,28672,97,24832,1,0.191296,,,0.191296,0.191296,
28672,28672,99,25344,1,0.200096,,,0.200096,0.200096,
28672,28672,100,25600,1,0.20624,,,0.20624,0.20624,
28672,28672,101,25856,1,0.215392,,,0.215392,0.215392,
28672,28672,106,27136,1,0.23536,,,0.23536,0.23536,
28672,28672,107,27392,1,0.22816,,,0.22816,0.22816,
32768,7400,15,15360,1,0.129792,,,0.129792,0.129792,
32768,7400,16,16384,1,0.127744,,,0.127744,0.127744,
32768,9240,5,20480,1,0.222976,,,0.222976,0.222976,
32768,9240,6,24576,1,0.245024,,,0.245024,0.245024,
32768,9552,1,16384,1,0.282016,,,0.282016,0.282016,
32768,9552,2,32768,1,0.3667519999999999,,,0.3667519999999999,0.3667519999999999,
32768,10888,9,18432,1,0.228832,,,0.228832,0.228832,
32768,10888,10,20480,1,0.19504,,,0.19504,0.19504,
32768,22008,49,12544,1,0.213024,,,0.213024,0.213024,
32768,22008,50,12800,1,0.211392,,,0.211392,0.211392,
32768,32768,1,8192,1,0.379424,,,0.379424,0.379424,
32768,32768,2,4096,1,0.33488,,,0.33488,0.33488,
32768,32768,3,6144,1,0.292224,,,0.292224,0.292224,
32768,32768,3,12288,1,0.381376,,,0.381376,0.381376,
32768,32768,3,24576,1,0.6104959999999999,,,0.6104959999999999,0.6104959999999999,
32768,32768,4,8192,1,0.222624,,,0.222624,0.222624,
32768,32768,4,16384,1,0.352352,,,0.352352,0.352352,
32768,32768,4,32768,1,0.60592,,,0.60592,0.60592,
32768,32768,5,10240,1,0.237504,,,0.237504,0.237504,
32768,32768,6,12288,1,0.250976,,,0.250976,0.250976,
32768,32768,8,8192,1,0.267392,,,0.267392,0.267392,
32768,32768,9,9216,1,0.354944,,,0.354944,0.354944,
32768,32768,10,10240,1,0.2616,,,0.2616,0.2616,
32768,32768,10,20480,1,0.300736,,,0.300736,0.300736,
32768,32768,11,22528,1,0.276128,,,0.276128,0.276128,
32768,32768,12,24576,1,0.255744,,,0.255744,0.255744,
32768,32768,13,26624,1,0.302784,,,0.302784,0.302784,
32768,32768,14,28672,1,0.351744,,,0.351744,0.351744,
32768,32768,19,9728,1,0.269824,,,0.269824,0.269824,
32768,32768,20,10240,1,0.397408,,,0.397408,0.397408,
32768,32768,20,20480,1,0.259648,,,0.259648,0.259648,
32768,32768,21,10752,1,0.41072,,,0.41072,0.41072,
32768,32768,21,21504,1,0.305376,,,0.305376,0.305376,
32768,32768,22,11264,1,0.282752,,,0.282752,0.282752,
32768,32768,22,22528,1,0.235616,,,0.235616,0.235616,
32768,32768,23,11776,1,0.23584,,,0.23584,0.23584,
32768,32768,23,23552,1,0.2263359999999999,,,0.2263359999999999,0.2263359999999999,
32768,32768,24,24576,1,0.252832,,,0.252832,0.252832,
32768,32768,25,25600,1,0.329856,,,0.329856,0.329856,
32768,32768,40,20480,1,0.287808,,,0.287808,0.287808,
32768,32768,41,20992,1,0.307392,,,0.307392,0.307392,
114688,15764,20,20480,1,0.152384,,,0.152384,0.152384,
114688,114688,10,20480,1,0.366592,,,0.366592,0.366592,
114688,114688,11,22528,1,0.395456,,,0.395456,0.395456,
114688,114688,12,12288,1,0.334624,,,0.334624,0.334624,
114688,114688,12,24576,1,0.385824,,,0.385824,0.385824,
114688,114688,13,13312,1,0.3412159999999999,,,0.3412159999999999,0.3412159999999999,
114688,114688,14,14336,1,0.349024,,,0.349024,0.349024,
114688,114688,14,28672,1,0.373248,,,0.373248,0.373248,
114688,114688,15,30720,1,0.39776,,,0.39776,0.39776,
114688,114688,16,32768,1,0.395424,,,0.395424,0.395424,
114688,114688,28,28672,1,0.34768,,,0.34768,0.34768,
114688,114688,29,29696,1,0.3474239999999999,,,0.3474239999999999,0.3474239999999999,
114688,114688,30,30720,1,0.357184,,,0.357184,0.357184,
114688,114688,31,31744,1,0.3401599999999999,,,0.3401599999999999,0.3401599999999999,
114688,114688,37,9472,1,0.315872,,,0.315872,0.315872,
114688,114688,39,9984,1,0.315872,,,0.315872,0.315872,
114688,114688,40,10240,1,0.3111359999999999,,,0.3111359999999999,0.3111359999999999,
114688,114688,41,10496,1,0.308704,,,0.308704,0.308704,
114688,114688,42,10752,1,0.312544,,,0.312544,0.312544,
114688,114688,43,11008,1,0.309248,,,0.309248,0.309248,
114688,114688,43,22016,1,0.322208,,,0.322208,0.322208,
114688,114688,44,22528,1,0.316768,,,0.316768,0.316768,
114688,114688,45,23040,1,0.3215679999999999,,,0.3215679999999999,0.3215679999999999,
114688,114688,46,23552,1,0.323808,,,0.323808,0.323808,
114688,114688,47,24064,1,0.325472,,,0.325472,0.325472,
114688,114688,57,29184,1,0.321344,,,0.321344,0.321344,
114688,114688,59,30208,1,0.319488,,,0.319488,0.319488,
114688,114688,60,30720,1,0.3171199999999999,,,0.3171199999999999,0.3171199999999999,
114688,114688,61,31232,1,0.323296,,,0.323296,0.323296,
114688,114688,113,28928,1,0.314464,,,0.314464,0.314464,
114688,114688,114,29184,1,0.313376,,,0.313376,0.313376,
114688,114688,115,29440,1,0.31248,,,0.31248,0.31248,
114688,114688,117,29952,1,0.311744,,,0.311744,0.311744,
114688,114688,119,30464,1,0.3151359999999999,,,0.3151359999999999,0.3151359999999999,
114688,114688,120,30720,1,0.309568,,,0.309568,0.309568,
122880,122880,2,8192,1,0.44592,,,0.44592,0.44592,
122880,122880,3,12288,1,0.46208,,,0.46208,0.46208,
122880,122880,4,16384,1,0.5899840000000001,,,0.5899840000000001,0.5899840000000001,
122880,122880,7,7168,1,0.36272,,,0.36272,0.36272,
122880,122880,7,14336,1,0.39872,,,0.39872,0.39872,
122880,122880,8,8192,1,0.5349119999999999,,,0.5349119999999999,0.5349119999999999,
122880,122880,8,16384,1,0.429952,,,0.429952,0.429952,
122880,122880,9,9216,1,0.327328,,,0.327328,0.327328,
122880,122880,9,18432,1,0.403424,,,0.403424,0.403424,
122880,122880,10,10240,1,0.358144,,,0.358144,0.358144,
122880,122880,10,20480,1,0.384128,,,0.384128,0.384128,
122880,122880,11,11264,1,0.364992,,,0.364992,0.364992,
122880,122880,12,12288,1,0.527968,,,0.527968,0.527968,
122880,122880,12,24576,1,0.4465599999999999,,,0.4465599999999999,0.4465599999999999,
122880,122880,13,26624,1,0.387968,,,0.387968,0.387968,
122880,122880,14,28672,1,0.382496,,,0.382496,0.382496,
122880,122880,15,30720,1,0.386592,,,0.386592,0.386592,
122880,122880,19,4864,1,0.3208,,,0.3208,0.3208,
122880,122880,20,5120,1,0.300576,,,0.300576,0.300576,
122880,122880,21,5376,1,0.3408,,,0.3408,0.3408,
122880,122880,22,5632,1,0.3392,,,0.3392,0.3392,
122880,122880,23,23552,1,0.49488,,,0.49488,0.49488,
122880,122880,24,24576,1,0.502688,,,0.502688,0.502688,
122880,122880,25,25600,1,0.3353919999999999,,,0.3353919999999999,0.3353919999999999,
122880,122880,26,26624,1,0.366304,,,0.366304,0.366304,
122880,122880,27,27648,1,0.3600959999999999,,,0.3600959999999999,0.3600959999999999,
122880,122880,28,28672,1,0.456288,,,0.456288,0.456288,
122880,122880,31,15872,1,0.3176,,,0.3176,0.3176,
122880,122880,32,16384,1,0.38784,,,0.38784,0.38784,
122880,122880,33,16896,1,0.388096,,,0.388096,0.388096,
122880,122880,34,17408,1,0.3968,,,0.3968,0.3968,
122880,122880,35,17920,1,0.37136,,,0.37136,0.37136,
122880,122880,46,23552,1,0.392352,,,0.392352,0.392352,
122880,122880,47,24064,1,0.39152,,,0.39152,0.39152,
122880,122880,48,24576,1,0.377824,,,0.377824,0.377824,
122880,122880,49,25088,1,0.346752,,,0.346752,0.346752,
122880,122880,50,25600,1,0.32448,,,0.32448,0.32448,
122880,122880,51,26112,1,0.350912,,,0.350912,0.350912,
122880,122880,91,23296,1,0.313856,,,0.313856,0.313856,
122880,122880,92,23552,1,0.358112,,,0.358112,0.358112,
122880,122880,93,23808,1,0.308608,,,0.308608,0.308608,
122880,122880,94,24064,1,0.358624,,,0.358624,0.358624,
131072,13456,5,20480,1,0.2240639999999999,,,0.2240639999999999,0.2240639999999999,
131072,13456,6,24576,1,0.201024,,,0.201024,0.201024,
131072,18016,16,16384,1,0.145088,,,0.145088,0.145088,
131072,20256,0,0,1,0.073024,,,0.073024,0.073024,
131072,20256,2,16384,1,0.38912,,,0.38912,0.38912,
131072,30016,9,18432,1,0.17104,,,0.17104,0.17104,
131072,30016,10,20480,1,0.181728,,,0.181728,0.181728,
131072,30384,63,16128,1,0.10064,,,0.10064,0.10064,
131072,30384,64,16384,1,0.104192,,,0.104192,0.104192,
131072,39408,1,16384,1,0.429056,,,0.429056,0.429056,
131072,39408,2,32768,1,0.686368,,,0.686368,0.686368,
131072,131072,1,4096,1,0.386816,,,0.386816,0.386816,
131072,131072,1,8192,1,0.431488,,,0.431488,0.431488,
131072,131072,1,16384,1,0.5819840000000001,,,0.5819840000000001,0.5819840000000001,
131072,131072,2,8192,1,0.496608,,,0.496608,0.496608,
131072,131072,2,32768,1,0.908,,,0.908,0.908,
131072,131072,3,12288,1,0.474176,,,0.474176,0.474176,
131072,131072,3,24576,1,0.6723840000000001,,,0.6723840000000001,0.6723840000000001,
131072,131072,4,8192,1,0.413888,,,0.413888,0.413888,
131072,131072,4,32768,1,0.5975999999999999,,,0.5975999999999999,0.5975999999999999,
131072,131072,5,10240,1,0.422176,,,0.422176,0.422176,
131072,131072,5,20480,1,0.50464,,,0.50464,0.50464,
131072,131072,6,24576,1,0.463232,,,0.463232,0.463232,
131072,131072,8,16384,1,0.456832,,,0.456832,0.456832,
131072,131072,9,18432,1,0.416192,,,0.416192,0.416192,
