decode_kv_len,decode_qo_len,prefill_kv_len,prefill_qo_len,decode_time_ms,prefill_time_ms,sm_time
24064,94,0,0,0.019456,0.0,0.019456
24320,95,0,0,0.009312,0.0,0.009312
24576,96,0,0,0.008928,0.0,0.008928
23808,93,256,256,0.010848,0.062496,0.073344
24064,94,256,256,0.009248,0.060832,0.07008
24320,95,256,256,0.009824,0.04352,0.053344
23552,92,512,512,0.017568,0.04352,0.061088
23808,93,512,512,0.020192,0.066848,0.08704
24064,94,0,0,0.013632,0.0,0.013632
24320,95,0,0,0.010432,0.0,0.010432
14848,58,0,0,0.012544,0.0,0.012544
15104,59,0,0,0.008512,0.0,0.008512
15360,60,0,0,0.00928,0.0,0.00928
14592,57,256,256,0.009888,0.052608,0.062496
14848,58,256,256,0.009408,0.054496,0.063904
15104,59,256,256,0.009888,0.045248,0.055136
14336,56,512,512,0.02528,0.045472,0.070752
14592,57,512,512,0.014752,0.074816,0.089568
14848,58,512,512,0.014208,0.05904,0.07324800000000001
14848,58,0,0,0.012544,0.0,0.012544
23552,46,0,0,0.019744,0.0,0.019744
24064,47,0,0,0.024032,0.0,0.024032
24576,48,0,0,0.022784,0.0,0.022784
23552,46,256,256,0.0184,0.063424,0.081824
24064,47,256,256,0.01856,0.06592,0.08448
23552,46,512,512,0.039776,0.07216,0.11193600000000001
24064,47,0,0,0.020064,0.0,0.020064
24576,48,0,0,0.02288,0.0,0.02288
23552,46,256,256,0.03696,0.028576,0.065536
24064,47,256,256,0.016096,0.063552,0.079648
6144,12,0,0,0.024576,0.0,0.024576
6656,13,0,0,0.025024,0.0,0.025024
7168,14,0,0,0.030016,0.0,0.030016
6144,12,256,256,0.019072,0.061696,0.080768
6656,13,256,256,0.01728,0.059744,0.077024
6144,12,512,512,0.02352,0.0768,0.10031999999999999
6144,12,0,0,0.024448,0.0,0.024448
6656,13,0,0,0.021888,0.0,0.021888
7168,14,0,0,0.019296,0.0,0.019296
6144,12,256,256,0.034432,0.019456,0.053888
24576,24,0,0,0.050016,0.0,0.050016
23552,23,256,256,0.042784,0.07632,0.119104
24576,24,256,256,0.03616,0.06624,0.10239999999999999
22528,22,512,512,0.079168,0.075168,0.154336
23552,23,512,512,0.050112,0.10576,0.155872
24576,24,512,512,0.032928,0.078304,0.111232
24576,24,0,0,0.062592,0.0,0.062592
23552,23,256,256,0.045952,0.07424,0.120192
24576,24,256,256,0.04704,0.014976,0.062016
22528,22,512,512,0.090368,0.070784,0.16115200000000002
4096,4,0,0,0.03296,0.0,0.03296
5120,5,0,0,0.050656,0.0,0.050656
6144,6,0,0,0.037376,0.0,0.037376
4096,4,256,256,0.050656,0.070912,0.12156800000000001
5120,5,256,256,0.048864,0.073152,0.12201599999999999
4096,4,512,512,0.056896,0.103968,0.160864
4096,4,0,0,0.033408,0.0,0.033408
5120,5,0,0,0.050464,0.0,0.050464
6144,6,0,0,0.03792,0.0,0.03792
4096,4,256,256,0.050656,0.068896,0.11955199999999999
24576,12,0,0,0.129632,0.0,0.129632
22528,11,256,256,0.144064,0.082848,0.226912
24576,12,256,256,0.090912,0.080576,0.171488
20480,10,512,512,0.143616,0.167616,0.31123199999999995
22528,11,512,512,0.109184,0.103968,0.213152
24576,12,512,512,0.138304,0.07312,0.211424
24576,12,0,0,0.139584,0.0,0.139584
22528,11,256,256,0.125344,0.080832,0.20617600000000003
24576,12,256,256,0.077088,0.073152,0.15023999999999998
20480,10,512,512,0.141824,0.165632,0.307456
16384,8,0,0,0.14512,0.0,0.14512
18432,9,0,0,0.126816,0.0,0.126816
16384,8,256,256,0.08192,0.082848,0.16476800000000003
16384,8,512,512,0.154112,0.08144,0.23555199999999998
16384,8,0,0,0.151264,0.0,0.151264
18432,9,0,0,0.119648,0.0,0.119648
16384,8,256,256,0.106208,0.079168,0.18537599999999999
16384,8,512,512,0.142368,0.084192,0.22655999999999998
16384,8,0,0,0.128416,0.0,0.128416
18432,9,0,0,0.087648,0.0,0.087648
24576,6,0,0,0.325632,0.0,0.325632
20480,5,256,256,0.31072,0.083584,0.394304
24576,6,256,256,0.239808,0.078624,0.318432
20480,5,512,512,0.257184,0.118912,0.37609600000000004
24576,6,512,512,0.314176,0.085792,0.399968
24576,6,0,0,0.285312,0.0,0.285312
20480,5,256,256,0.264512,0.14672,0.41123200000000004
24576,6,256,256,0.236768,0.079968,0.316736
20480,5,512,512,0.260096,0.119168,0.379264
24576,6,512,512,0.31664,0.086752,0.403392
8192,2,0,0,0.33344,0.0,0.33344
12288,3,0,0,0.164288,0.0,0.164288
16384,4,0,0,0.11632,0.0,0.11632
8192,2,256,256,0.227328,0.095392,0.32272
12288,3,256,256,0.178912,0.042528,0.22144
8192,2,512,512,0.292,0.090528,0.382528
8192,2,0,0,0.315712,0.0,0.315712
12288,3,0,0,0.16096,0.0,0.16096
8192,2,256,256,0.231008,0.091808,0.322816
12288,3,256,256,0.178272,0.041888,0.22016000000000002
16384,2,0,0,0.684736,0.0,0.684736
24576,3,0,0,0.336896,0.0,0.336896
32768,4,0,0,0.32912,0.0,0.32912
16384,2,256,256,0.584832,0.08384,0.668672
24576,3,256,256,0.39056,0.084,0.47456000000000004
16384,2,512,512,0.645152,0.09936,0.744512
16384,2,0,0,0.682496,0.0,0.682496
24576,3,0,0,0.3336,0.0,0.3336
32768,4,0,0,0.33056,0.0,0.33056
16384,2,256,256,0.549344,0.077888,0.627232
16384,2,0,0,0.338432,0.0,0.338432
8192,1,256,256,0.148352,0.14944,0.297792
16384,2,256,256,0.222208,0.096544,0.318752
8192,1,512,512,0.1608,0.154432,0.315232
16384,2,512,512,0.273888,0.098112,0.372
16384,2,0,0,0.33536,0.0,0.33536
8192,1,256,256,0.148928,0.150048,0.298976
16384,2,256,256,0.225344,0.092736,0.31808
8192,1,512,512,0.160832,0.154528,0.31536
16384,2,512,512,0.273792,0.098336,0.372128
32768,2,0,0,0.961216,0.0,0.961216
49152,3,0,0,0.67968,0.0,0.67968
65536,4,0,0,0.673184,0.0,0.673184
32768,2,256,256,0.868192,0.09152,0.959712
49152,3,256,256,0.532064,0.096416,0.6284799999999999
65536,4,256,256,0.64032,0.080288,0.720608
32768,2,512,512,0.798848,0.147104,0.945952
49152,3,512,512,0.773088,0.098176,0.871264
65536,4,512,512,0.660416,0.09024,0.750656
32768,2,0,0,0.953824,0.0,0.953824
32768,2,0,0,0.267744,0.0,0.267744
49152,3,0,0,0.09344,0.0,0.09344
32768,2,256,256,0.160544,0.099968,0.26051199999999997
49152,3,256,256,0.189984,0.036896,0.22687999999999997
32768,2,512,512,0.211936,0.11168,0.323616
32768,2,0,0,0.268128,0.0,0.268128
49152,3,0,0,0.125664,0.0,0.125664
32768,2,256,256,0.164512,0.095968,0.26048
32768,2,512,512,0.212736,0.109664,0.3224
32768,2,0,0,0.283904,0.0,0.283904
24576,96,0,0,0.011552,0.0,0.011552
24832,97,0,0,0.009344,0.0,0.009344
24064,94,512,512,0.008768,0.060512,0.06928000000000001
24320,95,512,512,0.00928,0.054464,0.063744
24576,96,512,512,0.018208,0.020544,0.038751999999999995
23552,92,1024,1024,0.018816,0.073184,0.092
23808,93,1024,1024,0.02208,0.066464,0.088544
24064,94,1024,1024,0.022272,0.061536,0.083808
24576,96,0,0,0.013472,0.0,0.013472
24832,97,0,0,0.012384,0.0,0.012384
7168,28,0,0,0.010624,0.0,0.010624
7424,29,0,0,0.01616,0.0,0.01616
7680,30,0,0,0.0152,0.0,0.0152
6656,26,512,512,0.02144,0.031072,0.052512
6912,27,512,512,0.00864,0.075104,0.083744
7168,28,512,512,0.011872,0.053184,0.065056
7424,29,512,512,0.008896,0.046912,0.055808
6400,25,1024,1024,0.015744,0.095328,0.111072
6656,26,1024,1024,0.017792,0.08592,0.103712
6912,27,1024,1024,0.012992,0.076768,0.08976
24576,48,0,0,0.020224,0.0,0.020224
24064,47,512,512,0.01808,0.07344,0.09152
24576,48,512,512,0.017152,0.06608,0.083232
23552,46,1024,1024,0.02304,0.123168,0.146208
24064,47,1024,1024,0.01744,0.095712,0.113152
24576,48,1024,1024,0.023936,0.053536,0.077472
24576,48,0,0,0.018176,0.0,0.018176
24064,47,512,512,0.021888,0.071904,0.093792
24576,48,512,512,0.020576,0.0536,0.074176
23552,46,1024,1024,0.022016,0.111328,0.133344
16384,32,0,0,0.031936,0.0,0.031936
16896,33,0,0,0.019936,0.0,0.019936
17408,34,0,0,0.025152,0.0,0.025152
15872,31,512,512,0.021408,0.071936,0.093344
16384,32,512,512,0.02432,0.068256,0.09257599999999999
16896,33,512,512,0.018048,0.06384,0.08188799999999999
15360,30,1024,1024,0.020832,0.164128,0.18495999999999999
15872,31,1024,1024,0.029472,0.093696,0.123168
16384,32,1024,1024,0.040512,0.079776,0.120288
16384,32,0,0,0.028064,0.0,0.028064
24576,24,0,0,0.049888,0.0,0.049888
23552,23,512,512,0.047296,0.086336,0.133632
24576,24,512,512,0.031744,0.072544,0.10428799999999999
23552,23,1024,1024,0.042272,0.131744,0.174016
24576,24,1024,1024,0.076224,0.060192,0.136416
24576,24,0,0,0.061344,0.0,0.061344
23552,23,512,512,0.044192,0.079488,0.12368000000000001
24576,24,512,512,0.034912,0.071168,0.10608
23552,23,1024,1024,0.041728,0.13312,0.174848
24576,24,1024,1024,0.077312,0.061312,0.138624
6144,6,0,0,0.084064,0.0,0.084064
7168,7,0,0,0.035392,0.0,0.035392
8192,8,0,0,0.038272,0.0,0.038272
6144,6,512,512,0.04992,0.09616,0.14608
7168,7,512,512,0.034048,0.064992,0.09903999999999999
6144,6,1024,1024,0.0352,0.11472,0.14992
6144,6,0,0,0.08272,0.0,0.08272
7168,7,0,0,0.03152,0.0,0.03152
8192,8,0,0,0.0312,0.0,0.0312
6144,6,512,512,0.083008,0.000256,0.083264
24576,12,0,0,0.141344,0.0,0.141344
22528,11,512,512,0.127136,0.084832,0.211968
24576,12,512,512,0.072096,0.083936,0.156032
22528,11,1024,1024,0.147104,0.130368,0.27747200000000005
24576,12,1024,1024,0.08656,0.138304,0.224864
24576,12,0,0,0.138816,0.0,0.138816
22528,11,512,512,0.123776,0.10032,0.22409600000000002
24576,12,512,512,0.08432,0.082368,0.166688
22528,11,1024,1024,0.138144,0.13056,0.268704
24576,12,1024,1024,0.08512,0.1496,0.23472
16384,8,0,0,0.134464,0.0,0.134464
14336,7,512,512,0.147072,0.084448,0.23152
16384,8,512,512,0.088096,0.076416,0.164512
12288,6,1024,1024,0.170688,0.191904,0.362592
14336,7,1024,1024,0.117728,0.140992,0.25872
16384,8,1024,1024,0.139584,0.070176,0.20976
16384,8,0,0,0.131456,0.0,0.131456
14336,7,512,512,0.145568,0.081248,0.22681600000000002
16384,8,512,512,0.092576,0.07408,0.166656
12288,6,1024,1024,0.173184,0.193216,0.3664
24576,6,0,0,0.292224,0.0,0.292224
20480,5,512,512,0.249184,0.163072,0.41225599999999996
24576,6,512,512,0.241248,0.094304,0.33555199999999996
20480,5,1024,1024,0.347488,0.15184,0.499328
24576,6,1024,1024,0.2152,0.157504,0.37270400000000004
24576,6,0,0,0.300864,0.0,0.300864
20480,5,512,512,0.25216,0.156576,0.408736
24576,6,512,512,0.231936,0.090784,0.32272
20480,5,1024,1024,0.33952,0.156576,0.496096
24576,6,1024,1024,0.220512,0.15168,0.372192
16384,4,0,0,0.29168,0.0,0.29168
16384,4,512,512,0.226112,0.10128,0.327392
16384,4,1024,1024,0.22352,0.15584,0.37936000000000003
16384,4,0,0,0.289376,0.0,0.289376
16384,4,512,512,0.2368,0.095936,0.33273600000000003
16384,4,1024,1024,0.227808,0.149856,0.377664
16384,4,0,0,0.304928,0.0,0.304928
16384,4,512,512,0.246112,0.086528,0.33264
16384,4,1024,1024,0.338464,0.087104,0.425568
16384,4,0,0,0.29488,0.0,0.29488
16384,2,0,0,0.697024,0.0,0.697024
24576,3,0,0,0.395808,0.0,0.395808
32768,4,0,0,0.345536,0.0,0.345536
16384,2,512,512,0.715552,0.018144,0.733696
24576,3,512,512,0.393408,0.092544,0.485952
16384,2,1024,1024,0.602176,0.176192,0.7783680000000001
24576,3,0,0,0.368352,0.0,0.368352
32768,4,0,0,0.350656,0.0,0.350656
16384,2,512,512,0.715488,0.01824,0.733728
24576,3,512,512,0.412608,0.08816,0.500768
16384,2,0,0,0.474784,0.0,0.474784
24576,3,0,0,0.306304,0.0,0.306304
32768,4,0,0,0.36816,0.0,0.36816
40960,5,0,0,0.256896,0.0,0.256896
49152,6,0,0,0.150048,0.0,0.150048
16384,2,512,512,0.412704,0.108352,0.521056
24576,3,512,512,0.3912,0.092416,0.483616
32768,4,512,512,0.291936,0.096128,0.38806399999999996
40960,5,512,512,0.280608,0.030304,0.310912
16384,2,1024,1024,0.393088,0.147008,0.540096
32768,2,0,0,0.931904,0.0,0.931904
49152,3,0,0,0.654464,0.0,0.654464
65536,4,0,0,0.492128,0.0,0.492128
32768,2,512,512,0.877152,0.08416,0.961312
49152,3,512,512,0.750464,0.097216,0.84768
65536,4,512,512,0.510912,0.101216,0.612128
32768,2,1024,1024,0.815776,0.1368,0.952576
49152,3,1024,1024,0.789056,0.135008,0.924064
65536,4,1024,1024,0.688416,0.081568,0.769984
32768,2,0,0,0.855904,0.0,0.855904
32768,2,0,0,0.202336,0.0,0.202336
16384,1,512,512,0.10416,0.105408,0.209568
32768,2,512,512,0.095552,0.095072,0.19062400000000002
16384,1,1024,1024,0.098208,0.113344,0.21155200000000002
32768,2,1024,1024,0.11408,0.129824,0.243904
32768,2,0,0,0.19616,0.0,0.19616
16384,1,512,512,0.10416,0.105408,0.209568
32768,2,512,512,0.103968,0.094912,0.19888
16384,1,1024,1024,0.097632,0.11392,0.211552
32768,2,1024,1024,0.096736,0.146976,0.24371199999999998
24320,95,1024,1024,0.008352,0.088992,0.097344
24576,96,1024,1024,0.007744,0.085952,0.093696
24832,97,1024,1024,0.018528,0.039936,0.058464
25344,99,1024,1024,0.018304,0.00032,0.018624
23296,91,2048,2048,0.021024,0.113536,0.13456
23552,92,2048,2048,0.017728,0.120384,0.138112
23808,93,2048,2048,0.018624,0.120576,0.1392
24064,94,2048,2048,0.019104,0.090432,0.109536
24320,95,2048,2048,0.025824,0.062656,0.08848
24576,96,2048,2048,0.024416,0.083872,0.108288
14336,56,1024,1024,0.009696,0.088192,0.097888
14848,58,1024,1024,0.017568,0.047296,0.064864
15104,59,1024,1024,0.010592,0.018688,0.02928
13312,52,2048,2048,0.018976,0.132064,0.15103999999999998
13568,53,2048,2048,0.022048,0.12992,0.15196800000000002
13824,54,2048,2048,0.018752,0.111328,0.13008
14080,55,2048,2048,0.02,0.106304,0.126304
14336,56,2048,2048,0.019168,0.10656,0.125728
14592,57,2048,2048,0.012512,0.077152,0.089664
14848,58,2048,2048,0.01072,0.061024,0.071744
24576,48,1024,1024,0.023264,0.120192,0.143456
25088,49,1024,1024,0.023328,0.035776,0.059104000000000004
25600,50,1024,1024,0.03024,0.015552,0.045792
23552,46,2048,2048,0.044928,0.143712,0.18864
24064,47,2048,2048,0.035136,0.106368,0.14150400000000002
24576,48,2048,2048,0.019776,0.115552,0.135328
25088,49,2048,2048,0.021056,0.083296,0.104352
25600,50,2048,2048,0.027744,0.062432,0.090176
24576,48,1024,1024,0.027328,0.1136,0.140928
25088,49,1024,1024,0.027616,0.03456,0.062176
11776,23,1024,1024,0.045184,0.09984,0.145024
12288,24,1024,1024,0.02928,0.033632,0.062912
12800,25,1024,1024,0.028064,0.018816,0.04688
10240,20,2048,2048,0.03408,0.162176,0.19625599999999999
10752,21,2048,2048,0.03504,0.172256,0.20729599999999998
11264,22,2048,2048,0.03024,0.0984,0.12864
11776,23,2048,2048,0.030368,0.113472,0.14384
12288,24,2048,2048,0.027168,0.067872,0.09504
11776,23,1024,1024,0.042752,0.09792,0.140672
12800,25,1024,1024,0.027968,0.01888,0.046848
24576,24,1024,1024,0.046912,0.111456,0.158368
25600,25,1024,1024,0.05248,0.02448,0.07696
22528,22,2048,2048,0.073312,0.161984,0.235296
23552,23,2048,2048,0.048736,0.13584,0.184576
24576,24,2048,2048,0.048448,0.147744,0.19619199999999998
24576,24,1024,1024,0.046464,0.111488,0.157952
25600,25,1024,1024,0.06016,0.016736,0.07689599999999999
22528,22,2048,2048,0.070304,0.17232,0.242624
23552,23,2048,2048,0.064,0.136768,0.200768
24576,24,2048,2048,0.046016,0.157696,0.203712
5120,5,1024,1024,0.046432,0.1008,0.147232
6144,6,1024,1024,0.064992,0.0,0.064992
4096,4,2048,2048,0.045248,0.163904,0.209152
5120,5,2048,2048,0.05376,0.151296,0.20505600000000002
6144,6,2048,2048,0.059072,0.0832,0.142272
5120,5,1024,1024,0.046432,0.1008,0.147232
6144,6,1024,1024,0.05728,0.00032,0.0576
4096,4,2048,2048,0.050944,0.15856,0.20950400000000002
5120,5,2048,2048,0.048608,0.147392,0.196
6144,6,2048,2048,0.020928,0.102848,0.123776
22528,11,1024,1024,0.110272,0.130144,0.24041600000000002
24576,12,1024,1024,0.154304,0.019104,0.173408
20480,10,2048,2048,0.149216,0.22736,0.376576
22528,11,2048,2048,0.127904,0.212032,0.339936
24576,12,2048,2048,0.138368,0.144544,0.282912
22528,11,1024,1024,0.112928,0.130112,0.24304
24576,12,1024,1024,0.139456,0.006144,0.1456
20480,10,2048,2048,0.149152,0.226048,0.3752
22528,11,2048,2048,0.16048,0.119392,0.279872
24576,12,2048,2048,0.126656,0.128352,0.255008
6144,3,1024,1024,0.09664,0.0552,0.15184
8192,4,1024,1024,0.100736,0.011232,0.11196800000000001
4096,2,2048,2048,0.095168,0.160512,0.25568
6144,3,2048,2048,0.067104,0.119936,0.18703999999999998
8192,4,2048,2048,0.1056,0.07472,0.18031999999999998
6144,3,1024,1024,0.055168,0.117728,0.172896
8192,4,1024,1024,0.1008,0.011008,0.111808
4096,2,2048,2048,0.099104,0.158304,0.25740799999999997
6144,3,2048,2048,0.067072,0.119264,0.186336
8192,4,2048,2048,0.106624,0.07456,0.181184
20480,5,1024,1024,0.290656,0.12304,0.413696
24576,6,1024,1024,0.300992,0.024352,0.32534399999999997
20480,5,2048,2048,0.341632,0.116736,0.458368
24576,6,2048,2048,0.2736,0.171136,0.444736
20480,5,1024,1024,0.285184,0.11632,0.40150399999999997
24576,6,1024,1024,0.30912,0.031776,0.340896
20480,5,2048,2048,0.316928,0.116896,0.433824
24576,6,2048,2048,0.272576,0.173568,0.446144
20480,5,1024,1024,0.28944,0.117664,0.40710399999999997
24576,6,1024,1024,0.307136,0.026816,0.333952
8192,2,1024,1024,0.201056,0.01296,0.214016
8192,2,2048,2048,0.042816,0.199328,0.242144
12288,3,2048,2048,0.039744,0.172096,0.21184
16384,4,2048,2048,0.03408,0.142784,0.176864
20480,5,2048,2048,0.109504,0.101312,0.210816
24576,6,2048,2048,0.016224,0.103008,0.119232
8192,2,1024,1024,0.200992,0.01312,0.214112
8192,2,2048,2048,0.0912,0.189312,0.280512
12288,3,2048,2048,0.162496,0.116672,0.27916799999999997
16384,4,2048,2048,0.152704,0.12032,0.273024
24576,3,1024,1024,0.326336,0.123264,0.4496
32768,4,1024,1024,0.379776,0.00912,0.388896
16384,2,2048,2048,0.598656,0.204192,0.802848
24576,3,2048,2048,0.295168,0.184448,0.479616
32768,4,2048,2048,0.342944,0.111072,0.45401600000000003
24576,3,1024,1024,0.401184,0.11376,0.514944
32768,4,1024,1024,0.37952,0.009152,0.388672
16384,2,2048,2048,0.597056,0.203392,0.800448
24576,3,2048,2048,0.294752,0.184352,0.479104
32768,4,2048,2048,0.336256,0.117568,0.453824
8192,1,1024,1024,0.114048,0.113568,0.22761599999999999
16384,2,1024,1024,0.250528,0.024704,0.275232
0,0,2048,2048,0.0,0.232192,0.232192
8192,1,2048,2048,0.031104,0.244192,0.275296
16384,2,2048,2048,0.189024,0.180608,0.36963199999999996
8192,1,1024,1024,0.112448,0.111968,0.224416
16384,2,1024,1024,0.264704,0.05456,0.319264
0,0,2048,2048,0.0,0.232288,0.232288
8192,1,2048,2048,0.116608,0.180832,0.29744
16384,2,2048,2048,0.203776,0.160128,0.363904
32768,2,1024,1024,0.88032,0.010272,0.8905919999999999
32768,2,2048,2048,0.780704,0.193824,0.974528
49152,3,2048,2048,0.595904,0.153472,0.749376
65536,4,2048,2048,0.476544,0.221728,0.698272
32768,2,1024,1024,0.909952,0.041344,0.951296
32768,2,2048,2048,0.821632,0.140448,0.96208
49152,3,2048,2048,0.606912,0.13344,0.740352
65536,4,2048,2048,0.734208,0.127328,0.861536
32768,2,1024,1024,0.880832,0.01088,0.891712
32768,2,2048,2048,0.82144,0.123456,0.944896
16384,1,1024,1024,0.096,0.095808,0.191808
32768,2,1024,1024,0.232064,0.018624,0.250688
0,0,2048,2048,0.0,0.210208,0.210208
16384,1,2048,2048,0.02752,0.209472,0.23699199999999998
32768,2,2048,2048,0.199968,0.1368,0.336768
16384,1,1024,1024,0.095456,0.095232,0.190688
32768,2,1024,1024,0.238144,0.024608,0.262752
0,0,2048,2048,0.0,0.18928,0.18928
16384,1,2048,2048,0.050592,0.185792,0.236384
32768,2,2048,2048,0.188096,0.170272,0.358368
26368,103,4096,4096,0.0168,0.16624,0.18304
24320,95,6144,6144,0.009184,0.197632,0.206816
24576,96,6144,6144,0.016,0.195648,0.211648
24832,97,6144,6144,0.019328,0.12288,0.142208
25344,99,6144,6144,0.019072,0.142464,0.161536
25856,101,6144,6144,0.017856,0.153184,0.17104
26112,102,6144,6144,0.019328,0.148192,0.16752
22528,88,8192,8192,0.018336,0.12816,0.146496
22784,89,8192,8192,0.020416,0.139104,0.15952
23040,90,8192,8192,0.015808,0.16624,0.182048
14848,58,4096,4096,0.010432,0.168768,0.1792
12800,50,6144,6144,0.008384,0.1936,0.201984
13056,51,6144,6144,0.010016,0.19776,0.207776
13312,52,6144,6144,0.019744,0.149376,0.16912000000000002
13568,53,6144,6144,0.017024,0.173824,0.19084800000000002
14592,57,6144,6144,0.011072,0.164,0.175072
11008,43,8192,8192,0.022048,0.146944,0.168992
11264,44,8192,8192,0.019328,0.156768,0.176096
11520,45,8192,8192,0.018784,0.165024,0.183808
11776,46,8192,8192,0.019424,0.185856,0.20528
26624,52,4096,4096,0.027808,0.180288,0.208096
24576,48,6144,6144,0.032832,0.12336,0.156192
25088,49,6144,6144,0.033248,0.130208,0.163456
26112,51,6144,6144,0.027936,0.152192,0.18012799999999998
22528,44,8192,8192,0.030944,0.223776,0.25472
23040,45,8192,8192,0.034592,0.171712,0.206304
23552,46,8192,8192,0.031424,0.102016,0.13344
24064,47,8192,8192,0.033184,0.189248,0.222432
24576,48,8192,8192,0.031328,0.094816,0.126144
25088,49,8192,8192,0.02112,0.178688,0.199808
16384,32,4096,4096,0.015008,0.174496,0.189504
14336,28,6144,6144,0.018304,0.19552,0.21382400000000001
14848,29,6144,6144,0.03024,0.090528,0.120768
15360,30,6144,6144,0.04176,0.14192,0.18367999999999998
16384,32,6144,6144,0.017376,0.160928,0.178304
12288,24,8192,8192,0.046368,0.143552,0.18992
12800,25,8192,8192,0.044768,0.161184,0.205952
13312,26,8192,8192,0.037472,0.210752,0.248224
13824,27,8192,8192,0.030784,0.077504,0.108288
14336,28,8192,8192,0.031488,0.080096,0.111584
26624,26,4096,4096,0.056832,0.194048,0.25088
24576,24,6144,6144,0.06832,0.133216,0.201536
25600,25,6144,6144,0.05328,0.11312,0.1664
26624,26,6144,6144,0.05856,0.151872,0.210432
22528,22,8192,8192,0.067616,0.198176,0.265792
23552,23,8192,8192,0.070624,0.12176,0.192384
24576,24,8192,8192,0.057728,0.06848,0.126208
25600,25,8192,8192,0.059712,0.074624,0.134336
26624,26,8192,8192,0.058496,0.149856,0.20835199999999998
24576,24,6144,6144,0.028384,0.246528,0.274912
8192,8,4096,4096,0.042464,0.176096,0.21856
6144,6,6144,6144,0.047872,0.152064,0.199936
7168,7,6144,6144,0.03936,0.18288,0.22224
4096,4,8192,8192,0.04592,0.161824,0.20774399999999998
5120,5,8192,8192,0.04752,0.128576,0.176096
6144,6,8192,8192,0.039392,0.156416,0.195808
6144,6,6144,6144,0.047904,0.17568,0.223584
7168,7,6144,6144,0.040544,0.182592,0.223136
4096,4,8192,8192,0.046304,0.157632,0.203936
5120,5,8192,8192,0.047712,0.127488,0.1752
24576,12,4096,4096,0.13744,0.232704,0.37014400000000003
22528,11,6144,6144,0.093824,0.330592,0.424416
24576,12,6144,6144,0.14448,0.200672,0.345152
26624,13,6144,6144,0.102912,0.205696,0.308608
20480,10,8192,8192,0.138688,0.140384,0.279072
22528,11,8192,8192,0.135872,0.178176,0.314048
24576,12,8192,8192,0.136416,0.088224,0.22464
22528,11,6144,6144,0.0912,0.333152,0.424352
24576,12,6144,6144,0.141376,0.106784,0.24816
20480,10,8192,8192,0.13328,0.15648,0.28976
16384,8,4096,4096,0.122848,0.169824,0.292672
14336,7,6144,6144,0.109984,0.153664,0.263648
16384,8,6144,6144,0.12416,0.128608,0.252768
12288,6,8192,8192,0.103712,0.165344,0.26905599999999996
14336,7,8192,8192,0.109216,0.146912,0.25612799999999997
16384,8,8192,8192,0.118688,0.110368,0.22905599999999998
14336,7,6144,6144,0.112544,0.163488,0.276032
16384,8,6144,6144,0.123456,0.127584,0.25104
12288,6,8192,8192,0.107872,0.129056,0.236928
14336,7,8192,8192,0.110496,0.148992,0.259488
24576,6,4096,4096,0.264544,0.219872,0.484416
20480,5,6144,6144,0.283712,0.216448,0.50016
24576,6,6144,6144,0.287136,0.18176,0.468896
20480,5,8192,8192,0.209728,0.23472,0.444448
24576,6,8192,8192,0.2512,0.199936,0.451136
20480,5,6144,6144,0.288864,0.19456,0.483424
24576,6,6144,6144,0.272992,0.111936,0.384928
20480,5,8192,8192,0.282208,0.14176,0.423968
24576,6,8192,8192,0.276064,0.101824,0.377888
20480,5,6144,6144,0.282816,0.228,0.510816
8192,2,4096,4096,0.184832,0.175904,0.360736
4096,1,6144,6144,0.111968,0.164448,0.276416
8192,2,6144,6144,0.180096,0.167136,0.347232
4096,1,8192,8192,0.060832,0.206368,0.2672
8192,2,8192,8192,0.183168,0.141888,0.325056
4096,1,6144,6144,0.111872,0.1688,0.28067200000000003
8192,2,6144,6144,0.185696,0.114496,0.300192
4096,1,8192,8192,0.112288,0.10384,0.216128
8192,2,8192,8192,0.17712,0.107712,0.284832
4096,1,6144,6144,0.111808,0.168064,0.279872
32768,4,4096,4096,0.448736,0.177344,0.62608
24576,3,6144,6144,0.340768,0.253344,0.594112
32768,4,6144,6144,0.459264,0.144832,0.604096
16384,2,8192,8192,0.49168,0.221472,0.713152
24576,3,8192,8192,0.291872,0.21936,0.511232
32768,4,8192,8192,0.410912,0.166304,0.577216
24576,3,6144,6144,0.319808,0.234784,0.554592
32768,4,6144,6144,0.457792,0.144032,0.6018239999999999
16384,2,8192,8192,0.501056,0.218272,0.719328
24576,3,8192,8192,0.312512,0.22496,0.537472
16384,2,4096,4096,0.461376,0.20432,0.6656960000000001
8192,1,6144,6144,0.225536,0.11936,0.344896
16384,2,6144,6144,0.481184,0.178624,0.659808
8192,1,8192,8192,0.130688,0.32848,0.459168
16384,2,8192,8192,0.40928,0.204256,0.613536
8192,1,6144,6144,0.224448,0.119712,0.34416
16384,2,6144,6144,0.479552,0.12016,0.599712
8192,1,8192,8192,0.237824,0.129472,0.367296
16384,2,8192,8192,0.448704,0.117312,0.566016
8192,1,6144,6144,0.232448,0.126176,0.358624
49152,3,4096,4096,0.236064,0.270912,0.506976
32768,2,6144,6144,0.810368,0.204096,1.014464
49152,3,6144,6144,0.845504,0.190528,1.036032
65536,4,6144,6144,0.50672,0.190336,0.6970559999999999
32768,2,8192,8192,0.4304,0.353984,0.784384
49152,3,8192,8192,0.467456,0.281856,0.749312
65536,4,8192,8192,0.0584,0.314016,0.372416
32768,2,6144,6144,0.471424,0.375232,0.8466560000000001
49152,3,6144,6144,0.792736,0.191232,0.983968
65536,4,6144,6144,0.507648,0.203616,0.711264
32768,2,4096,4096,0.373984,0.202048,0.576032
16384,1,6144,6144,0.189152,0.117568,0.30672
32768,2,6144,6144,0.389056,0.173056,0.562112
0,0,8192,8192,0.0,0.247104,0.247104
16384,1,8192,8192,0.134912,0.2416,0.376512
32768,2,8192,8192,0.35776,0.211552,0.569312
16384,1,6144,6144,0.189184,0.11744,0.306624
32768,2,6144,6144,0.418592,0.200928,0.6195200000000001
0,0,8192,8192,0.0,0.245696,0.245696
16384,1,8192,8192,0.131392,0.233312,0.36470400000000003
27648,108,24576,24576,0.027424,0.211904,0.239328
27904,109,24576,24576,0.027008,0.22576,0.252768
24320,95,28672,28672,0.034048,0.254048,0.288096
24576,96,28672,28672,0.020384,0.179712,0.200096
24832,97,28672,28672,0.018912,0.172384,0.19129600000000002
25344,99,28672,28672,0.016672,0.183424,0.200096
25600,100,28672,28672,0.016288,0.189952,0.20624
25856,101,28672,28672,0.01616,0.199232,0.215392
27136,106,28672,28672,0.01744,0.21792,0.23536
27392,107,28672,28672,0.021536,0.206624,0.22816
19456,76,24576,24576,0.016992,0.221184,0.238176
19712,77,24576,24576,0.016704,0.227712,0.244416
15872,62,28672,28672,0.015488,0.185984,0.201472
16128,63,28672,28672,0.016928,0.232544,0.249472
16640,65,28672,28672,0.016672,0.157664,0.174336
17152,67,28672,28672,0.017088,0.194368,0.211456
17408,68,28672,28672,0.016256,0.19968,0.215936
17664,69,28672,28672,0.016224,0.200064,0.21628799999999998
18944,74,28672,28672,0.015904,0.239936,0.25584
19200,75,28672,28672,0.015776,0.217408,0.233184
27648,54,24576,24576,0.028448,0.287296,0.315744
28160,55,24576,24576,0.030016,0.25136,0.28137599999999996
24576,48,28672,28672,0.034848,0.30448,0.33932799999999996
25088,49,28672,28672,0.025728,0.252224,0.277952
25600,50,28672,28672,0.027456,0.31536,0.34281599999999995
26112,51,28672,28672,0.023392,0.25696,0.28035200000000005
27136,53,28672,28672,0.033568,0.2464,0.279968
27648,54,28672,28672,0.028128,0.2488,0.276928
20480,40,32768,32768,0.023808,0.264,0.287808
20992,41,32768,32768,0.024256,0.283136,0.307392
17408,34,24576,24576,0.02496,0.217216,0.242176
13312,26,28672,28672,0.021664,0.315488,0.337152
13824,27,28672,28672,0.026816,0.183808,0.210624
14848,29,28672,28672,0.025696,0.17952,0.205216
16896,33,28672,28672,0.023552,0.215136,0.23868799999999998
9728,19,32768,32768,0.024384,0.24544,0.269824
10240,20,32768,32768,0.024128,0.37328,0.397408
10752,21,32768,32768,0.0256,0.38512,0.41072000000000003
11264,22,32768,32768,0.02416,0.258592,0.282752
11776,23,32768,32768,0.024064,0.211776,0.23584
28672,28,24576,24576,0.057152,0.219296,0.27644799999999997
24576,24,28672,28672,0.036448,0.351744,0.388192
25600,25,28672,28672,0.04928,0.164096,0.21337599999999998
27648,27,28672,28672,0.043616,0.233536,0.277152
20480,20,32768,32768,0.044704,0.214944,0.259648
21504,21,32768,32768,0.043392,0.261984,0.305376
22528,22,32768,32768,0.047168,0.188448,0.235616
23552,23,32768,32768,0.049312,0.177024,0.22633599999999998
24576,24,32768,32768,0.047296,0.205536,0.252832
25600,25,32768,32768,0.03952,0.290336,0.329856
14336,14,24576,24576,0.041056,0.199168,0.24022400000000002
15360,15,24576,24576,0.039296,0.214016,0.253312
11264,11,28672,28672,0.054016,0.131424,0.18544000000000002
12288,12,28672,28672,0.041088,0.333856,0.374944
13312,13,28672,28672,0.05056,0.169888,0.220448
14336,14,28672,28672,0.041152,0.183936,0.22508799999999998
15360,15,28672,28672,0.037984,0.2096,0.247584
8192,8,32768,32768,0.047584,0.219808,0.267392
9216,9,32768,32768,0.04032,0.314624,0.35494400000000004
10240,10,32768,32768,0.0504,0.2112,0.2616
28672,14,24576,24576,0.080352,0.263456,0.343808
24576,12,28672,28672,0.077088,0.359616,0.436704
26624,13,28672,28672,0.099264,0.20064,0.299904
28672,14,28672,28672,0.082464,0.282592,0.365056
20480,10,32768,32768,0.083552,0.217184,0.300736
22528,11,32768,32768,0.091712,0.184416,0.276128
24576,12,32768,32768,0.094208,0.161536,0.255744
26624,13,32768,32768,0.088448,0.214336,0.302784
28672,14,32768,32768,0.077824,0.27392,0.351744
28672,14,24576,24576,0.078656,0.288064,0.36672
12288,6,24576,24576,0.066816,0.188,0.254816
8192,4,28672,28672,0.077504,0.342848,0.420352
10240,5,28672,28672,0.078528,0.130592,0.20912000000000003
12288,6,28672,28672,0.06656,0.181408,0.24796800000000002
4096,2,32768,32768,0.100416,0.234464,0.33488
6144,3,32768,32768,0.098592,0.193632,0.292224
8192,4,32768,32768,0.082528,0.140096,0.222624
10240,5,32768,32768,0.085088,0.152416,0.237504
12288,6,32768,32768,0.066528,0.184448,0.250976
12288,6,24576,24576,0.06816,0.190848,0.259008
24576,6,24576,24576,0.196704,0.237856,0.43456
20480,5,28672,28672,0.187264,0.355584,0.542848
24576,6,28672,28672,0.18768,0.190624,0.378304
20480,5,32768,32768,0.16416,0.282976,0.447136
24576,6,32768,32768,0.191808,0.183328,0.375136
24576,6,24576,24576,0.19184,0.182848,0.374688
20480,5,28672,28672,0.14176,0.446336,0.588096
24576,6,28672,28672,0.192864,0.155776,0.34864
20480,5,32768,32768,0.19856,0.188992,0.387552
24576,6,32768,32768,0.166208,0.253888,0.420096
16384,4,24576,24576,0.135136,0.193184,0.32832
12288,3,28672,28672,0.129568,0.373984,0.503552
16384,4,28672,28672,0.131616,0.172864,0.30448
8192,2,32768,32768,0.185536,0.208416,0.39395199999999997
12288,3,32768,32768,0.186624,0.194752,0.38137600000000005
16384,4,32768,32768,0.138112,0.21424,0.352352
16384,4,24576,24576,0.129504,0.180576,0.31008
12288,3,28672,28672,0.170592,0.129408,0.3
16384,4,28672,28672,0.130752,0.174656,0.305408
8192,2,32768,32768,0.184832,0.146208,0.33104
32768,4,24576,24576,0.33168,0.26848,0.60016
24576,3,28672,28672,0.323968,0.318432,0.6424
32768,4,28672,28672,0.331136,0.2712,0.602336
16384,2,32768,32768,0.407008,0.287648,0.6946559999999999
24576,3,32768,32768,0.375872,0.234624,0.6104959999999999
32768,4,32768,32768,0.321088,0.284832,0.60592
32768,4,24576,24576,0.329536,0.272672,0.6022080000000001
24576,3,28672,28672,0.395648,0.147392,0.54304
32768,4,28672,28672,0.332704,0.275872,0.608576
16384,2,32768,32768,0.36912,0.151488,0.520608
16384,2,24576,24576,0.313504,0.179584,0.49308799999999997
8192,1,28672,28672,0.19392,0.261504,0.45542400000000005
16384,2,28672,28672,0.311584,0.15792,0.46950400000000003
0,0,32768,32768,0.0,0.206432,0.206432
8192,1,32768,32768,0.135104,0.24432,0.379424
16384,2,32768,32768,0.31712,0.216128,0.5332479999999999
16384,2,24576,24576,0.311296,0.174848,0.486144
8192,1,28672,28672,0.110912,0.129344,0.24025599999999997
16384,2,28672,28672,0.303104,0.132448,0.435552
0,0,32768,32768,0.0,0.207744,0.207744
32768,2,24576,24576,0.594528,0.178016,0.7725439999999999
16384,1,28672,28672,0.351104,0.17776,0.528864
32768,2,28672,28672,0.604448,0.197152,0.8016
0,0,32768,32768,0.0,0.17296,0.17296
16384,1,32768,32768,0.284352,0.384448,0.6688000000000001
32768,2,32768,32768,0.615808,0.162272,0.77808
32768,2,24576,24576,0.593248,0.187296,0.780544
16384,1,28672,28672,0.264704,0.27808,0.5427839999999999
32768,2,28672,28672,0.602016,0.154112,0.756128
0,0,32768,32768,0.0,0.20544,0.20544
32768,2,24576,24576,0.243808,0.283872,0.52768
16384,1,28672,28672,0.200832,0.328192,0.5290239999999999
32768,2,28672,28672,0.14064,0.186912,0.32755199999999995
0,0,32768,32768,0.0,0.330176,0.330176
16384,1,32768,32768,0.161952,0.343456,0.505408
32768,2,32768,32768,0.149856,0.236096,0.38595199999999996
32768,2,24576,24576,0.142016,0.182016,0.324032
16384,1,28672,28672,0.164064,0.308416,0.47248
32768,2,28672,28672,0.140736,0.184192,0.324928
0,0,32768,32768,0.0,0.30624,0.30624
28928,113,114688,114688,0.016608,0.297856,0.314464
29184,114,114688,114688,0.016352,0.297024,0.313376
29440,115,114688,114688,0.01536,0.29712,0.31248
29952,117,114688,114688,0.017984,0.29376,0.311744
30464,119,114688,114688,0.015296,0.29984,0.31513599999999997
30720,120,114688,114688,0.016608,0.29296,0.309568
23296,91,122880,122880,0.016288,0.297568,0.313856
23552,92,122880,122880,0.01552,0.342592,0.358112
23808,93,122880,122880,0.016864,0.291744,0.308608
24064,94,122880,122880,0.015968,0.342656,0.358624
9472,37,114688,114688,0.01568,0.300192,0.31587200000000004
9984,39,114688,114688,0.01504,0.300832,0.315872
10240,40,114688,114688,0.01664,0.294496,0.31113599999999997
10496,41,114688,114688,0.017376,0.291328,0.308704
10752,42,114688,114688,0.019424,0.29312,0.312544
11008,43,114688,114688,0.016224,0.293024,0.309248
4864,19,122880,122880,0.021312,0.299488,0.3208
5120,20,122880,122880,0.007264,0.293312,0.300576
5376,21,122880,122880,0.009152,0.331648,0.3408
5632,22,122880,122880,0.008288,0.330912,0.3392
29184,57,114688,114688,0.024544,0.2968,0.321344
30208,59,114688,114688,0.022912,0.296576,0.319488
30720,60,114688,114688,0.0264,0.29072,0.31711999999999996
31232,61,114688,114688,0.0272,0.296096,0.32329600000000003
23552,46,122880,122880,0.026048,0.366304,0.39235200000000003
24064,47,122880,122880,0.025312,0.366208,0.39152
24576,48,122880,122880,0.025344,0.35248,0.377824
25088,49,122880,122880,0.02528,0.321472,0.346752
25600,50,122880,122880,0.031424,0.293056,0.32448
26112,51,122880,122880,0.024928,0.325984,0.350912
22016,43,114688,114688,0.023616,0.298592,0.32220800000000005
22528,44,114688,114688,0.024288,0.29248,0.316768
23040,45,114688,114688,0.029504,0.292064,0.32156799999999996
23552,46,114688,114688,0.024544,0.299264,0.323808
24064,47,114688,114688,0.030624,0.294848,0.325472
15872,31,122880,122880,0.026624,0.290976,0.3176
16384,32,122880,122880,0.027328,0.360512,0.38784
16896,33,122880,122880,0.02784,0.360256,0.388096
17408,34,122880,122880,0.031136,0.365664,0.3968
17920,35,122880,122880,0.027648,0.343712,0.37136
28672,28,114688,114688,0.04288,0.3048,0.34768
29696,29,114688,114688,0.041824,0.3056,0.34742399999999996
30720,30,114688,114688,0.046144,0.31104,0.357184
31744,31,114688,114688,0.040672,0.299488,0.34015999999999996
23552,23,122880,122880,0.035712,0.459168,0.49488000000000004
24576,24,122880,122880,0.04592,0.456768,0.502688
25600,25,122880,122880,0.046048,0.289344,0.33539199999999997
26624,26,122880,122880,0.041152,0.325152,0.366304
27648,27,122880,122880,0.04368,0.316416,0.36009599999999997
28672,28,122880,122880,0.048128,0.40816,0.456288
12288,12,114688,114688,0.039904,0.29472,0.334624
13312,13,114688,114688,0.046272,0.294944,0.34121599999999996
14336,14,114688,114688,0.046848,0.302176,0.349024
7168,7,122880,122880,0.020224,0.342496,0.36272000000000004
8192,8,122880,122880,0.05808,0.476832,0.5349119999999999
9216,9,122880,122880,0.038368,0.28896,0.327328
10240,10,122880,122880,0.03616,0.321984,0.358144
11264,11,122880,122880,0.04032,0.324672,0.36499200000000004
12288,12,122880,122880,0.043008,0.48496,0.527968
0,0,131072,131072,0.0,0.336544,0.336544
28672,14,114688,114688,0.08,0.293248,0.373248
30720,15,114688,114688,0.106656,0.291104,0.39776
32768,16,114688,114688,0.101824,0.2936,0.395424
22528,11,122880,122880,0.090912,0.295488,0.38639999999999997
24576,12,122880,122880,0.069248,0.377312,0.44655999999999996
26624,13,122880,122880,0.066336,0.321632,0.387968
28672,14,122880,122880,0.069312,0.313184,0.382496
30720,15,122880,122880,0.069024,0.317568,0.38659200000000005
16384,8,131072,131072,0.083552,0.37328,0.456832
18432,9,131072,131072,0.084128,0.332064,0.416192
20480,10,114688,114688,0.071232,0.29536,0.36659200000000003
22528,11,114688,114688,0.101696,0.29376,0.39545600000000003
24576,12,114688,114688,0.094528,0.291296,0.385824
14336,7,122880,122880,0.097536,0.301184,0.39872
16384,8,122880,122880,0.071648,0.358304,0.429952
18432,9,122880,122880,0.068736,0.334688,0.403424
20480,10,122880,122880,0.068512,0.315616,0.384128
22528,11,122880,122880,0.071232,0.308704,0.379936
8192,4,131072,131072,0.083616,0.330272,0.41388800000000003
10240,5,131072,131072,0.081792,0.340384,0.422176
32768,8,114688,114688,0.15648,0.294496,0.450976
24576,6,122880,122880,0.1984,0.289568,0.48796799999999996
28672,7,122880,122880,0.125504,0.321472,0.446976
16384,4,131072,131072,0.16672,0.377248,0.543968
20480,5,131072,131072,0.195904,0.308736,0.50464
24576,6,131072,131072,0.141632,0.3216,0.463232
32768,8,114688,114688,0.176256,0.297408,0.473664
24576,6,122880,122880,0.12112,0.43184,0.55296
28672,7,122880,122880,0.131456,0.312992,0.44444799999999995
16384,4,131072,131072,0.167168,0.361888,0.529056
16384,4,114688,114688,0.131744,0.293664,0.425408
8192,2,122880,122880,0.075264,0.370656,0.44592
12288,3,122880,122880,0.137984,0.324096,0.46208
16384,4,122880,122880,0.139328,0.450656,0.5899840000000001
0,0,131072,131072,0.0,0.350496,0.350496
4096,1,131072,131072,0.053728,0.333088,0.386816
8192,2,131072,131072,0.165792,0.330816,0.496608
12288,3,131072,131072,0.166528,0.307648,0.474176
16384,4,131072,131072,0.124736,0.300672,0.425408
16384,4,114688,114688,0.135168,0.29008,0.425248
32768,4,114688,114688,0.293792,0.29632,0.590112
24576,3,122880,122880,0.305184,0.318176,0.62336
32768,4,122880,122880,0.282528,0.304,0.5865279999999999
16384,2,131072,131072,0.3632,0.342976,0.706176
24576,3,131072,131072,0.36752,0.304864,0.6723840000000001
32768,4,131072,131072,0.294048,0.303552,0.5975999999999999
32768,4,114688,114688,0.295776,0.297632,0.5934079999999999
24576,3,122880,122880,0.303552,0.32112,0.624672
32768,4,122880,122880,0.285184,0.308992,0.594176
16384,2,131072,131072,0.361504,0.35776,0.719264
16384,2,114688,114688,0.289536,0.304448,0.5939840000000001
8192,1,122880,122880,0.157312,0.348672,0.505984
16384,2,122880,122880,0.26816,0.333184,0.601344
0,0,131072,131072,0.0,0.326688,0.326688
8192,1,131072,131072,0.11648,0.315008,0.431488
16384,2,131072,131072,0.269344,0.29872,0.5680639999999999
16384,2,114688,114688,0.28768,0.30576,0.59344
8192,1,122880,122880,0.106976,0.294272,0.401248
16384,2,122880,122880,0.26912,0.308992,0.578112
0,0,131072,131072,0.0,0.335456,0.335456
32768,2,114688,114688,0.58896,0.294144,0.8831040000000001
16384,1,122880,122880,0.328,0.35296,0.68096
32768,2,122880,122880,0.571424,0.385472,0.956896
0,0,131072,131072,0.0,0.344384,0.344384
16384,1,131072,131072,0.275424,0.30656,0.5819840000000001
32768,2,131072,131072,0.594816,0.313184,0.908
32768,2,114688,114688,0.59056,0.295328,0.885888
16384,1,122880,122880,0.2744,0.532032,0.8064319999999999
32768,2,122880,122880,0.577376,0.437344,1.01472
0,0,131072,131072,0.0,0.342176,0.342176
32768,2,114688,114688,0.462624,0.2904,0.7530239999999999
16384,1,122880,122880,0.24624,0.315456,0.561696
0,0,131072,131072,0.0,0.334944,0.334944
32768,2,114688,114688,0.45712,0.295264,0.752384
16384,1,122880,122880,0.2448,0.330944,0.575744
0,0,131072,131072,0.0,0.33248,0.33248
32768,2,114688,114688,0.457888,0.298304,0.756192
16384,1,122880,122880,0.215648,0.292384,0.508032
0,0,131072,131072,0.0,0.305184,0.305184
32768,2,114688,114688,0.452832,0.299136,0.751968
13824,54,0,0,0.01088,0.0,0.01088
14080,55,0,0,0.010208,0.0,0.010208
14336,56,0,0,0.012832,0.0,0.012832
13312,52,358,256,0.018752,0.007872,0.026624000000000002
13568,53,358,256,0.009216,0.08848,0.097696
12800,50,716,512,0.017792,0.132352,0.150144
13824,54,0,0,0.010944,0.0,0.010944
14080,55,0,0,0.010624,0.0,0.010624
14336,56,0,0,0.010912,0.0,0.010912
13312,52,358,256,0.020672,0.0008,0.021471999999999998
16384,32,0,0,0.022336,0.0,0.022336
16896,33,0,0,0.018336,0.0,0.018336
17408,34,0,0,0.024032,0.0,0.024032
15360,30,1259,256,0.017536,0.172928,0.190464
15872,31,1259,256,0.038688,0.047264,0.085952
14336,28,2518,512,0.02752,0.28176,0.30928
16384,32,0,0,0.02992,0.0,0.02992
16896,33,0,0,0.018816,0.0,0.018816
17408,34,0,0,0.0192,0.0,0.0192
15360,30,1259,256,0.018848,0.172832,0.19168000000000002
14336,14,0,0,0.058784,0.0,0.058784
15360,15,0,0,0.034784,0.0,0.034784
16384,16,0,0,0.056448,0.0,0.056448
11264,11,3272,256,0.036128,0.264928,0.301056
12288,12,3272,256,0.024864,0.301248,0.326112
8192,8,6544,512,0.057184,0.505472,0.562656
15360,15,0,0,0.034304,0.0,0.034304
16384,16,0,0,0.05808,0.0,0.05808
12288,12,3272,256,0.028512,0.301216,0.32972799999999997
8192,8,6544,512,0.059072,0.521504,0.580576
20480,10,0,0,0.16832,0.0,0.16832
22528,11,0,0,0.088544,0.0,0.088544
20480,10,612,256,0.087008,0.164736,0.25174399999999997
22528,11,612,256,0.040128,0.164736,0.204864
20480,10,1224,512,0.100992,0.207232,0.308224
20480,10,0,0,0.165728,0.0,0.165728
22528,11,0,0,0.083648,0.0,0.083648
20480,10,612,256,0.152224,0.0,0.152224
22528,11,612,256,0.112,0.027968,0.139968
20480,10,1224,512,0.1104,0.203264,0.313664
16384,4,0,0,0.328032,0.0,0.328032
20480,5,0,0,0.175424,0.0,0.175424
24576,6,0,0,0.153856,0.0,0.153856
16384,4,386,256,0.206176,0.155712,0.361888
20480,5,386,256,0.257056,0.068608,0.325664
16384,4,772,512,0.253344,0.217024,0.470368
16384,4,0,0,0.322016,0.0,0.322016
20480,5,0,0,0.174272,0.0,0.174272
24576,6,0,0,0.148448,0.0,0.148448
16384,4,386,256,0.208672,0.155712,0.364384
16384,2,0,0,0.509824,0.0,0.509824
24576,3,0,0,0.448288,0.0,0.448288
32768,4,0,0,0.362464,0.0,0.362464
40960,5,0,0,0.25792,0.0,0.25792
49152,6,0,0,0.350112,0.0,0.350112
16384,2,1151,256,0.29744,0.199968,0.49740799999999996
24576,3,1151,256,0.31776,0.137312,0.455072
32768,4,1151,256,0.097408,0.168864,0.26627199999999995
40960,5,1151,256,0.167136,0.108896,0.276032
16384,2,2302,512,0.071136,0.365728,0.43686400000000003
32768,2,0,0,0.604128,0.0,0.604128
49152,3,0,0,0.553984,0.0,0.553984
65536,4,0,0,0.461888,0.0,0.461888
32768,2,2721,256,0.468704,0.305344,0.7740480000000001
49152,3,2721,256,0.371392,0.305344,0.676736
32768,2,5442,512,0.561056,0.42272,0.983776
32768,2,0,0,0.74464,0.0,0.74464
49152,3,0,0,0.465504,0.0,0.465504
65536,4,0,0,0.391808,0.0,0.391808
32768,2,2721,256,0.642304,0.184672,0.8269759999999999
22016,86,0,0,0.012416,0.0,0.012416
20992,82,1070,512,0.008704,0.111936,0.12064
19968,78,2140,1024,0.018208,0.175392,0.1936
22016,86,0,0,0.008992,0.0,0.008992
20992,82,1070,512,0.00832,0.111936,0.12025599999999999
19968,78,2140,1024,0.021216,0.176512,0.19772800000000001
22016,86,0,0,0.008128,0.0,0.008128
20992,82,1070,512,0.021568,0.015968,0.037536
19968,78,2140,1024,0.010656,0.194656,0.205312
22016,86,0,0,0.009504,0.0,0.009504
22528,44,0,0,0.022688,0.0,0.022688
23040,45,0,0,0.024128,0.0,0.024128
23552,46,0,0,0.01232,0.0,0.01232
20480,40,1974,512,0.014912,0.183072,0.19798400000000002
20992,41,1974,512,0.014912,0.18304,0.19795200000000002
18432,36,3948,1024,0.023776,0.312832,0.336608
22528,44,0,0,0.016416,0.0,0.016416
23040,45,0,0,0.021216,0.0,0.021216
23552,46,0,0,0.022336,0.0,0.022336
20480,40,1974,512,0.039872,0.068672,0.108544
20480,20,0,0,0.065312,0.0,0.065312
21504,21,0,0,0.029024,0.0,0.029024
22528,22,0,0,0.0448,0.0,0.0448
18432,18,2669,512,0.034176,0.246208,0.280384
19456,19,2669,512,0.026784,0.246208,0.272992
16384,16,5338,1024,0.038912,0.428672,0.467584
20480,20,0,0,0.061856,0.0,0.061856
21504,21,0,0,0.034464,0.0,0.034464
22528,22,0,0,0.044928,0.0,0.044928
18432,18,2669,512,0.075744,0.063776,0.13952
12288,6,0,0,0.100928,0.0,0.100928
14336,7,0,0,0.050592,0.0,0.050592
16384,8,0,0,0.082848,0.0,0.082848
10240,5,3364,512,0.107968,0.067808,0.175776
12288,6,3364,512,0.105696,0.098624,0.20432
8192,4,6728,1024,0.08752,0.430912,0.518432
12288,6,0,0,0.105344,0.0,0.105344
14336,7,0,0,0.055456,0.0,0.055456
16384,8,0,0,0.084416,0.0,0.084416
10240,5,3364,512,0.116768,0.06384,0.180608
16384,4,0,0,0.309792,0.0,0.309792
20480,5,0,0,0.156288,0.0,0.156288
24576,6,0,0,0.175456,0.0,0.175456
16384,4,1649,512,0.160704,0.215008,0.37571200000000005
20480,5,1649,512,0.248896,0.086112,0.335008
16384,4,3298,1024,0.213568,0.34224,0.555808
16384,4,0,0,0.308864,0.0,0.308864
20480,5,0,0,0.153792,0.0,0.153792
24576,6,0,0,0.165856,0.0,0.165856
16384,4,1649,512,0.161408,0.215008,0.376416
16384,2,0,0,0.537728,0.0,0.537728
24576,3,0,0,0.460032,0.0,0.460032
32768,4,0,0,0.501888,0.0,0.501888
40960,5,0,0,0.46144,0.0,0.46144
49152,6,0,0,0.294656,0.0,0.294656
57344,7,0,0,0.255328,0.0,0.255328
73728,9,0,0,0.22096,0.0,0.22096
16384,2,1137,512,0.414304,0.170176,0.58448
24576,3,1137,512,0.293024,0.158656,0.45167999999999997
32768,4,1137,512,0.501376,0.052832,0.554208
32768,2,0,0,0.57952,0.0,0.57952
49152,3,0,0,0.424576,0.0,0.424576
32768,2,674,512,0.59616,0.077696,0.673856
49152,3,674,512,0.346208,0.089184,0.435392
32768,2,1348,1024,0.490912,0.239616,0.7305280000000001
32768,2,0,0,0.656896,0.0,0.656896
49152,3,0,0,0.289984,0.0,0.289984
32768,2,674,512,0.596192,0.077664,0.673856
49152,3,674,512,0.346624,0.0896,0.436224
32768,2,1348,1024,0.490912,0.239648,0.73056
18944,74,652,1024,0.02304,0.023616,0.046656
19200,75,652,1024,0.009536,0.080192,0.089728
17920,70,1304,2048,0.022656,0.13328,0.15593600000000002
18176,71,1304,2048,0.015936,0.118912,0.134848
18432,72,1304,2048,0.013888,0.133376,0.147264
18944,74,652,1024,0.020832,0.030176,0.051008
19200,75,652,1024,0.00816,0.080192,0.088352
17920,70,1304,2048,0.019424,0.142144,0.161568
18176,71,1304,2048,0.017376,0.128032,0.145408
18432,72,1304,2048,0.00864,0.12944,0.13808
19968,39,2728,1024,0.01344,0.18288,0.19632
17408,34,5456,2048,0.0288,0.33712,0.36591999999999997
19968,39,2728,1024,0.01408,0.18288,0.19696
17408,34,5456,2048,0.036384,0.343104,0.37948800000000005
19968,39,2728,1024,0.013024,0.18288,0.195904
17408,34,5456,2048,0.033152,0.348416,0.381568
19968,39,2728,1024,0.01392,0.18288,0.19679999999999997
17408,34,5456,2048,0.033504,0.3384,0.37190399999999996
19968,39,2728,1024,0.032864,0.057024,0.089888
17408,34,5456,2048,0.025248,0.33776,0.363008
16384,16,3244,1024,0.055424,0.09664,0.152064
17408,17,3244,1024,0.025312,0.200544,0.225856
12288,12,6488,2048,0.042112,0.38448,0.42659199999999997
13312,13,6488,2048,0.03824,0.369184,0.407424
14336,14,6488,2048,0.041312,0.37536,0.41667200000000004
16384,16,3244,1024,0.053312,0.093248,0.14656
17408,17,3244,1024,0.024896,0.20064,0.22553600000000001
12288,12,6488,2048,0.038624,0.391168,0.429792
13312,13,6488,2048,0.043136,0.3776,0.420736
14336,14,6488,2048,0.019584,0.368256,0.38783999999999996
20480,10,767,1024,0.172608,0.014848,0.187456
20480,10,1534,2048,0.111232,0.199968,0.31120000000000003
20480,10,767,1024,0.154016,0.010624,0.16463999999999998
20480,10,1534,2048,0.115712,0.188896,0.304608
20480,10,767,1024,0.091424,0.108544,0.199968
20480,10,1534,2048,0.11264,0.183392,0.296032
20480,10,767,1024,0.089216,0.10864,0.197856
20480,10,1534,2048,0.106816,0.191968,0.298784
20480,10,767,1024,0.091968,0.108576,0.200544
20480,10,1534,2048,0.122688,0.18288,0.305568
12288,3,2517,1024,0.08672,0.185088,0.271808
16384,4,2517,1024,0.171712,0.016384,0.188096
8192,2,5034,2048,0.19424,0.344832,0.539072
12288,3,5034,2048,0.104832,0.350752,0.455584
16384,4,5034,2048,0.136096,0.341984,0.47808
12288,3,2517,1024,0.195392,0.097344,0.292736
16384,4,2517,1024,0.170912,0.016064,0.186976
8192,2,5034,2048,0.193216,0.345728,0.538944
12288,3,5034,2048,0.184192,0.283744,0.467936
16384,4,5034,2048,0.138176,0.3368,0.47497599999999995
24576,3,3882,1024,0.353024,0.24336,0.596384
32768,4,3882,1024,0.397568,0.000672,0.39824
16384,2,7764,2048,0.389696,0.475008,0.8647039999999999
24576,3,7764,2048,0.430016,0.314432,0.744448
32768,4,7764,2048,0.309152,0.416224,0.725376
24576,3,3882,1024,0.353792,0.243328,0.59712
32768,4,3882,1024,0.397504,0.000256,0.39776
16384,2,7764,2048,0.388128,0.476512,0.86464
24576,3,7764,2048,0.201984,0.474336,0.67632
32768,4,7764,2048,0.307968,0.405088,0.713056
32768,2,1043,1024,0.70192,0.064704,0.766624
49152,3,1043,1024,0.702336,0.047392,0.749728
32768,2,2086,2048,0.445568,0.291328,0.736896
49152,3,2086,2048,0.459552,0.187456,0.647008
65536,4,2086,2048,0.450112,0.175104,0.625216
32768,2,1043,1024,0.58608,0.127808,0.7138880000000001
49152,3,1043,1024,0.701056,0.047328,0.748384
32768,2,2086,2048,0.324992,0.295648,0.6206400000000001
49152,3,2086,2048,0.298112,0.297248,0.59536
65536,4,2086,2048,0.444512,0.17584,0.620352
14336,56,886,4096,0.009824,0.115552,0.125376
13568,53,1329,6144,0.008928,0.091552,0.10048
13824,54,1329,6144,0.008416,0.092192,0.100608
12800,50,1772,8192,0.013408,0.079328,0.092736
13056,51,1772,8192,0.01072,0.078688,0.08940799999999999
13312,52,1772,8192,0.013824,0.078784,0.09260800000000001
13568,53,1329,6144,0.009408,0.0904,0.099808
13824,54,1329,6144,0.014592,0.101536,0.11612800000000001
12800,50,1772,8192,0.012736,0.075648,0.088384
13056,51,1772,8192,0.011328,0.074368,0.08569600000000001
21504,42,6844,4096,0.025024,0.390784,0.415808
18432,36,10266,6144,0.024704,0.240544,0.265248
14848,29,13688,8192,0.023584,0.318592,0.342176
15360,30,13688,8192,0.01184,0.370496,0.382336
18432,36,10266,6144,0.026144,0.269088,0.295232
14848,29,13688,8192,0.025856,0.2976,0.32345599999999997
15360,30,13688,8192,0.013248,0.370912,0.38416
18432,36,10266,6144,0.011648,0.352,0.36364799999999997
14848,29,13688,8192,0.012448,0.3696,0.382048
15360,30,13688,8192,0.025728,0.308992,0.33472
20480,20,7518,4096,0.05072,0.378368,0.42908799999999997
16384,16,11277,6144,0.023456,0.397888,0.421344
17408,17,11277,6144,0.050144,0.24544,0.295584
12288,12,15036,8192,0.047424,0.3296,0.377024
13312,13,15036,8192,0.042144,0.339392,0.38153600000000004
14336,14,15036,8192,0.037216,0.323936,0.36115200000000003
16384,16,11277,6144,0.043584,0.255968,0.299552
17408,17,11277,6144,0.049856,0.248832,0.298688
12288,12,15036,8192,0.048032,0.327424,0.375456
13312,13,15036,8192,0.040576,0.34032,0.380896
16384,8,3624,4096,0.076672,0.261088,0.33776
14336,7,5436,6144,0.102272,0.208544,0.310816
16384,8,5436,6144,0.092032,0.175936,0.267968
12288,6,7248,8192,0.044768,0.22736,0.27212800000000004
14336,7,7248,8192,0.048256,0.206592,0.254848
16384,8,7248,8192,0.039264,0.198432,0.237696
14336,7,5436,6144,0.038336,0.20752,0.24585600000000002
16384,8,5436,6144,0.096448,0.174528,0.270976
12288,6,7248,8192,0.048064,0.2256,0.273664
14336,7,7248,8192,0.04784,0.206528,0.254368
24576,6,5718,4096,0.163584,0.357952,0.521536
20480,5,8577,6144,0.18768,0.25664,0.44432
24576,6,8577,6144,0.164992,0.20272,0.36771200000000004
16384,4,11436,8192,0.181024,0.274464,0.455488
20480,5,11436,8192,0.160896,0.220832,0.381728
24576,6,11436,8192,0.126464,0.29264,0.41910400000000003
20480,5,8577,6144,0.073792,0.291296,0.36508799999999997
24576,6,8577,6144,0.166848,0.202656,0.369504
16384,4,11436,8192,0.18448,0.276128,0.460608
20480,5,11436,8192,0.157024,0.218432,0.375456
16384,2,3544,4096,0.323232,0.25824,0.581472
8192,1,5316,6144,0.139968,0.285632,0.4256
16384,2,5316,6144,0.32864,0.152928,0.481568
0,0,7088,8192,0.0,0.222752,0.222752
8192,1,7088,8192,0.027424,0.251392,0.278816
16384,2,7088,8192,0.31568,0.2184,0.53408
8192,1,5316,6144,0.139968,0.285728,0.42569599999999996
16384,2,5316,6144,0.328416,0.152864,0.48128
0,0,7088,8192,0.0,0.221408,0.221408
8192,1,7088,8192,0.182048,0.083648,0.265696
49152,3,6002,4096,0.430464,0.28704,0.717504
16384,1,9003,6144,0.244544,0.240352,0.484896
32768,2,9003,6144,0.280704,0.346656,0.62736
49152,3,9003,6144,0.224992,0.347168,0.57216
0,0,12004,8192,0.0,0.313344,0.313344
16384,1,12004,8192,0.056384,0.316448,0.372832
32768,2,12004,8192,0.142656,0.289632,0.432288
32768,2,9003,6144,0.283648,0.352032,0.63568
49152,3,9003,6144,0.224256,0.3536,0.577856
0,0,12004,8192,0.0,0.311712,0.311712
17920,70,16506,24576,0.017024,0.250752,0.26777599999999996
15104,59,19257,28672,0.014656,0.241248,0.25590399999999996
15360,60,19257,28672,0.015712,0.244608,0.26032
12288,48,22008,32768,0.015008,0.191136,0.206144
12544,49,22008,32768,0.014592,0.198432,0.213024
12800,50,22008,32768,0.01504,0.196352,0.211392
17920,70,16506,24576,0.015584,0.260576,0.27615999999999996
15104,59,19257,28672,0.015968,0.24272,0.258688
15360,60,19257,28672,0.016064,0.222048,0.238112
12288,48,22008,32768,0.016448,0.194752,0.2112
18432,36,14658,24576,0.023744,0.219392,0.24313600000000002
16384,32,17101,28672,0.011808,0.260672,0.27248
13824,27,19544,32768,0.026496,0.209056,0.23555199999999998
14336,28,19544,32768,0.02336,0.226912,0.250272
18432,36,14658,24576,0.025696,0.22256,0.248256
16384,32,17101,28672,0.026848,0.146368,0.173216
13824,27,19544,32768,0.027008,0.203808,0.230816
14336,28,19544,32768,0.023008,0.223456,0.246464
18432,36,14658,24576,0.025504,0.223808,0.249312
16384,32,17101,28672,0.026304,0.143968,0.170272
18432,18,5550,24576,0.042976,0.10592,0.148896
16384,16,6475,28672,0.020992,0.107104,0.12809600000000002
17408,17,6475,28672,0.041088,0.104992,0.14608
14336,14,7400,32768,0.026272,0.107872,0.13414399999999999
15360,15,7400,32768,0.022944,0.106848,0.129792
16384,16,7400,32768,0.022496,0.105248,0.127744
18432,18,5550,24576,0.040192,0.099552,0.139744
16384,16,6475,28672,0.052928,0.105376,0.158304
17408,17,6475,28672,0.018752,0.107232,0.12598399999999998
14336,14,7400,32768,0.026304,0.105568,0.131872
20480,10,8166,24576,0.052736,0.155584,0.20832
18432,9,9527,28672,0.03824,0.15264,0.19088
20480,10,9527,28672,0.037856,0.158496,0.196352
16384,8,10888,32768,0.062368,0.16256,0.22492800000000002
18432,9,10888,32768,0.079904,0.148928,0.228832
20480,10,10888,32768,0.040288,0.154752,0.19504
20480,10,8166,24576,0.054912,0.15168,0.206592
18432,9,9527,28672,0.094784,0.15872,0.253504
20480,10,9527,28672,0.086464,0.109088,0.195552
16384,8,10888,32768,0.057248,0.160512,0.21775999999999998
24576,6,6930,24576,0.155584,0.131456,0.28703999999999996
20480,5,8085,28672,0.17424,0.125056,0.299296
24576,6,8085,28672,0.07824,0.125184,0.203424
16384,4,9240,32768,0.194112,0.130336,0.324448
20480,5,9240,32768,0.097888,0.125088,0.222976
24576,6,9240,32768,0.124512,0.120512,0.245024
24576,6,6930,24576,0.159584,0.134848,0.294432
20480,5,8085,28672,0.168352,0.123008,0.29136
24576,6,8085,28672,0.174272,0.069184,0.243456
16384,4,9240,32768,0.192576,0.124064,0.31664
16384,2,22248,24576,0.296672,0.208096,0.504768
24576,3,22248,24576,0.322496,0.321888,0.6443840000000001
16384,2,25956,28672,0.286912,0.347136,0.634048
24576,3,25956,28672,0.296384,0.313408,0.609792
16384,2,29664,32768,0.35936,0.222528,0.581888
16384,2,22248,24576,0.304064,0.192768,0.496832
24576,3,22248,24576,0.226624,0.159488,0.386112
16384,2,25956,28672,0.275904,0.353344,0.629248
24576,3,25956,28672,0.326016,0.157344,0.48336
16384,2,29664,32768,0.3608,0.212864,0.573664
32768,2,7164,24576,0.36208,0.136096,0.498176
16384,1,8358,28672,0.200096,0.122976,0.323072
32768,2,8358,28672,0.304704,0.11104,0.415744
0,0,9552,32768,0.0,0.099616,0.099616
16384,1,9552,32768,0.153056,0.12896,0.282016
32768,2,9552,32768,0.238592,0.12816,0.36675199999999997
32768,2,7164,24576,0.29616,0.070016,0.36617599999999995
16384,1,8358,28672,0.087456,0.13328,0.22073600000000002
32768,2,8358,28672,0.2088,0.1256,0.33440000000000003
0,0,9552,32768,0.0,0.125312,0.125312
19968,78,26586,114688,0.015328,0.097184,0.112512
17920,70,28485,122880,0.015552,0.085248,0.1008
18176,71,28485,122880,0.016736,0.084896,0.101632
15872,62,30384,131072,0.015552,0.084864,0.10041599999999999
16128,63,30384,131072,0.015232,0.085408,0.10064
16384,64,30384,131072,0.015424,0.088768,0.104192
19968,78,26586,114688,0.017856,0.101536,0.119392
17920,70,28485,122880,0.016608,0.084928,0.101536
18176,71,28485,122880,0.016192,0.083872,0.100064
15872,62,30384,131072,0.015328,0.085568,0.100896
15360,30,15680,114688,0.011552,0.113632,0.125184
13824,27,16800,122880,0.027232,0.079552,0.10678399999999999
14336,28,16800,122880,0.025088,0.078944,0.104032
12288,24,17920,131072,0.025536,0.108736,0.134272
12800,25,17920,131072,0.02464,0.106848,0.131488
15360,30,15680,114688,0.012,0.129568,0.141568
13824,27,16800,122880,0.02688,0.080832,0.107712
14336,28,16800,122880,0.025888,0.091808,0.117696
12288,24,17920,131072,0.02384,0.117216,0.14105600000000001
12800,25,17920,131072,0.022912,0.12304,0.145952
18432,18,15764,114688,0.03904,0.117152,0.156192
19456,19,15764,114688,0.023136,0.119808,0.142944
20480,20,15764,114688,0.033408,0.118976,0.152384
17408,17,16890,122880,0.053472,0.068064,0.121536
18432,18,16890,122880,0.050208,0.08304,0.133248
16384,16,18016,131072,0.049728,0.09536,0.145088
18432,18,15764,114688,0.02672,0.113696,0.140416
19456,19,15764,114688,0.044384,0.103552,0.147936
17408,17,16890,122880,0.021376,0.113344,0.13472
18432,18,16890,122880,0.017568,0.142688,0.160256
24576,12,26264,114688,0.087264,0.1024,0.189664
20480,10,28140,122880,0.08112,0.140992,0.222112
22528,11,28140,122880,0.089216,0.082272,0.171488
16384,8,30016,131072,0.0976,0.120768,0.218368
18432,9,30016,131072,0.083936,0.087104,0.17104
20480,10,30016,131072,0.075328,0.1064,0.181728
24576,12,26264,114688,0.088288,0.118048,0.20633600000000002
20480,10,28140,122880,0.100992,0.08304,0.184032
22528,11,28140,122880,0.065664,0.175904,0.241568
16384,8,30016,131072,0.094528,0.10944,0.20396799999999998
24576,6,11774,114688,0.161472,0.089792,0.251264
20480,5,12615,122880,0.17888,0.07968,0.25856
24576,6,12615,122880,0.158816,0.044288,0.203104
16384,4,13456,131072,0.201408,0.079616,0.281024
20480,5,13456,131072,0.1752,0.048864,0.22406399999999999
24576,6,13456,131072,0.123808,0.077216,0.201024
24576,6,11774,114688,0.161856,0.090688,0.252544
20480,5,12615,122880,0.193248,0.093888,0.287136
24576,6,12615,122880,0.159296,0.04432,0.203616
16384,4,13456,131072,0.199008,0.075456,0.274464
16384,2,17724,114688,0.330432,0.096928,0.42736
8192,1,18990,122880,0.157152,0.115168,0.27232
16384,2,18990,122880,0.328192,0.058848,0.38704
0,0,20256,131072,0.0,0.073024,0.073024
8192,1,20256,131072,0.089664,0.145472,0.23513599999999998
16384,2,20256,131072,0.332096,0.057024,0.38912
16384,2,17724,114688,0.32848,0.058336,0.386816
8192,1,18990,122880,0.157184,0.114272,0.271456
16384,2,18990,122880,0.328096,0.057824,0.38592
8192,1,20256,131072,0.089408,0.147552,0.23696
32768,2,34482,114688,0.570624,0.105824,0.676448
16384,1,36945,122880,0.24528,0.156736,0.402016
32768,2,36945,122880,0.564896,0.133792,0.698688
0,0,39408,131072,0.0,0.106816,0.106816
16384,1,39408,131072,0.320928,0.108128,0.429056
32768,2,39408,131072,0.573504,0.112864,0.686368
32768,2,34482,114688,0.563616,0.1048,0.668416
16384,1,36945,122880,0.245248,0.154848,0.400096
32768,2,36945,122880,0.565536,0.105824,0.6713600000000001
0,0,39408,131072,0.0,0.106976,0.106976
